2017-01-25 15:50:59,75402311,184
2017-01-25 16:24:58,74495243,222
2017-01-25 16:52:59,75474851,282
2017-01-25 17:27:23,74605527,251
2017-01-25 17:51:57,75520552,222
2017-01-25 18:25:06,74588152,213
2017-01-25 18:56:28,75644778,234
2017-01-25 19:25:00,74624543,202
2017-01-25 19:51:31,75682336,179
2017-01-25 20:10:57,20604814,55
2017-01-25 20:27:33,74837694,172
2017-01-25 20:51:27,66876166,163
2017-01-25 21:06:51,67052019,144
2017-01-25 21:24:33,21361320,47
2017-01-25 21:46:27,21348072,49
2017-01-25 22:07:10,21361290,97
2017-01-25 22:24:10,17186777,44
2017-01-25 22:45:07,17181685,49
2017-01-26 08:16:30,520883739,1168
2017-01-26 08:25:55,17295755,40
2017-01-26 08:46:08,28971089,61
2017-01-26 09:23:27,84029186,222
2017-01-26 09:34:08,27970087,86
2017-01-26 10:02:19,75562467,201
2017-01-26 10:25:35,74544194,217
2017-01-26 10:58:15,75596800,188
2017-01-26 11:24:46,74602975,212
2017-01-26 11:56:40,74558426,204
2017-01-26 12:24:07,75640676,220
2017-01-26 12:56:47,74681738,219
2017-01-26 13:24:12,75711419,175
2017-01-26 13:55:02,74734580,163
2017-01-26 14:24:26,75714414,199
2017-01-26 14:56:40,74722820,215
2017-01-26 15:24:50,75743215,214
2017-01-26 15:57:41,74743694,211
2017-01-26 16:25:26,75703607,246
2017-01-26 16:51:52,74761479,200
2017-01-26 17:25:20,75809634,239
2017-01-26 17:52:28,74748168,232
2017-01-26 18:25:42,75934090,240
2017-01-26 18:52:24,74883361,223
2017-01-26 19:25:27,75948103,213
2017-01-26 19:53:18,74929284,242
2017-01-26 20:24:14,75976484,149
2017-01-26 20:51:35,75001887,157
2017-01-26 21:11:28,22351164,54
2017-01-26 21:32:31,21347628,52
2017-01-26 21:53:29,21353319,45
2017-01-26 22:14:10,17179749,35
2017-01-26 22:35:18,17183143,46
2017-01-26 22:56:13,17169863,52
2017-01-27 08:17:53,520531831,1277
2017-01-27 08:26:24,17144268,44
2017-01-27 08:33:28,28970078,76
2017-01-27 08:56:13,27946184,74
2017-01-27 09:30:20,83647270,227
2017-01-27 09:59:31,75527947,204
2017-01-27 10:24:45,74505072,235
2017-01-27 10:55:45,75561403,229
2017-01-27 11:25:05,74461938,317
2017-01-27 11:50:42,75500191,211
2017-01-27 12:23:26,74421508,219
2017-01-27 12:50:33,75542587,203
2017-01-27 13:22:13,74549005,153
2017-01-27 13:49:47,75482037,174
2017-01-27 14:22:51,74504957,184
2017-01-27 14:50:06,75529576,182
2017-01-27 15:22:53,74467617,196
2017-01-27 15:51:09,75544934,237
2017-01-27 16:23:24,74544022,200
2017-01-27 16:50:47,75923336,193
2017-01-27 17:24:25,74621821,249
2017-01-27 17:51:15,75621980,213
2017-01-27 18:24:01,74740028,212
2017-01-27 18:52:02,75769487,240
2017-01-27 19:23:21,74752989,187
2017-01-27 19:50:43,75791656,188
2017-01-27 20:25:37,74834864,199
2017-01-27 20:51:00,75186705,203
2017-01-27 21:10:26,22342833,49
2017-01-27 21:31:28,21322247,58
2017-01-27 21:52:11,21309690,50
2017-01-27 22:12:59,21304537,48
2017-01-27 22:33:49,17150376,44
2017-01-27 22:54:36,17150376,39
2017-01-28 08:13:33,501262764,1054
2017-01-28 08:22:32,17053645,37
2017-01-28 08:44:03,28866357,67
2017-01-28 09:03:50,27847570,58
2017-01-28 09:28:20,83709288,209
2017-01-28 10:06:11,75889131,188
2017-01-28 10:26:01,74882725,186
2017-01-28 10:58:22,75913323,205
2017-01-28 11:27:13,44509497,110
2017-01-28 11:51:52,75902248,190
2017-01-28 12:29:43,74876935,200
2017-01-28 12:52:05,75870290,213
2017-01-28 13:29:25,74866003,189
2017-01-28 13:53:08,75882512,220
2017-01-28 14:28:58,74849080,161
2017-01-28 14:52:02,75837472,159
2017-01-28 15:28:40,74871731,149
2017-01-28 15:52:43,75891475,197
2017-01-28 16:28:46,74874437,179
2017-01-28 16:52:31,75886516,159
2017-01-28 17:28:50,74871573,186
2017-01-28 17:53:11,75900757,197
2017-01-28 18:28:53,74877607,180
2017-01-28 18:52:37,75891297,159
2017-01-28 19:28:24,74859816,160
2017-01-28 19:52:49,75881528,169
2017-01-28 20:28:57,75828330,174
2017-01-28 20:53:06,75872908,161
2017-01-28 21:12:39,21202333,50
2017-01-28 21:33:50,21202013,43
2017-01-28 21:54:50,21198607,46
2017-01-28 22:15:30,17050412,37
2017-01-28 22:36:22,17050412,38
2017-01-28 22:57:07,17050412,36
2017-01-29 08:14:50,518386818,1089
2017-01-30 08:20:19,495889760,1095
2017-01-30 08:29:39,17000328,49
2017-01-30 08:36:50,28683624,73
2017-01-30 08:57:40,27652056,66
2017-01-30 09:24:40,79736921,253
2017-01-30 09:49:00,72412365,268
2017-01-30 10:19:46,71376859,183
2017-01-30 10:41:41,71378929,181
2017-01-30 11:06:28,72418446,194
2017-01-30 11:37:58,71415560,199
2017-01-30 12:00:59,72536701,199
2017-01-30 12:25:50,71539846,197
2017-01-30 12:58:56,71514566,279
2017-01-30 13:21:18,72564925,159
2017-01-30 13:46:50,71521259,175
2017-01-30 14:18:55,71550623,184
2017-01-30 14:41:36,72562665,160
2017-01-30 15:07:14,71560906,214
2017-01-30 15:38:41,72573828,153
2017-01-30 16:00:34,71559350,149
2017-01-30 16:26:07,71584056,174
2017-01-30 17:01:39,73091924,178
2017-01-30 17:24:09,72083103,202
2017-01-30 17:47:12,73306461,177
2017-01-30 18:27:06,76914800,301
2017-01-30 18:45:35,69050195,206
2017-01-30 19:07:26,72251526,177
2017-01-30 19:39:46,72239298,200
2017-01-30 20:03:11,73307831,189
2017-01-30 20:28:15,72333268,154
2017-01-30 21:01:36,72848906,168
2017-01-30 21:20:00,22264882,54
2017-01-30 21:41:10,21241157,68
2017-01-30 22:02:06,21211479,69
2017-01-30 22:22:28,17078338,36
2017-01-30 22:43:26,17072271,47
2017-01-31 08:18:14,516072112,1296
2017-01-31 08:28:43,17293692,55
2017-01-31 08:36:03,28882230,90
2017-01-31 08:56:53,28470258,92
2017-01-31 09:25:46,80809400,274
2017-01-31 09:47:58,72850635,180
2017-01-31 10:20:08,72421467,178
2017-01-31 10:43:49,73428614,228
2017-01-31 10:57:53,25754218,93
2017-01-31 11:13:06,68320678,189
2017-01-31 11:44:59,73123683,190
2017-01-31 12:06:54,74155065,213
2017-01-31 12:39:16,73189990,217
2017-01-31 13:03:05,74201486,216
2017-01-31 13:27:26,73255434,154
2017-01-31 13:59:30,73270816,145
2017-01-31 14:22:51,74301479,164
2017-01-31 14:47:23,73325489,170
2017-01-31 15:20:19,74281033,190
2017-01-31 15:43:08,73343407,184
2017-01-31 16:08:13,73358267,217
2017-01-31 16:41:14,74352768,213
2017-01-31 17:02:30,73369464,184
2017-01-31 17:30:41,77607613,180
2017-01-31 17:33:38,17199725,45
2017-01-31 18:02:45,73476743,315
2017-01-31 18:23:52,74534462,208
2017-01-31 18:48:17,73623888,190
2017-01-31 19:21:36,73751977,206
2017-01-31 19:44:24,74821884,190
2017-01-31 20:08:36,73853556,166
2017-01-31 20:41:08,73868384,181
2017-01-31 21:04:26,75616609,189
2017-01-31 21:22:31,21557962,56
2017-01-31 21:43:19,21522636,58
2017-01-31 22:03:59,21543935,53
2017-01-31 22:24:40,17286543,43
2017-01-31 22:45:40,17298077,45
2017-02-01 08:15:13,497297688,1197
2017-02-01 08:24:48,16152604,43
2017-02-01 08:45:21,27768015,80
2017-02-01 09:04:55,26787969,66
2017-02-01 09:27:30,62367815,146
2017-02-01 09:52:44,53498520,158
2017-02-01 10:18:20,52531355,174
2017-02-01 10:40:51,53540739,167
2017-02-01 11:04:20,52578524,171
2017-02-01 11:36:28,52512308,151
2017-02-01 11:58:52,53703191,153
2017-02-01 12:24:00,52731908,154
2017-02-01 12:55:36,53587437,141
2017-02-01 13:19:19,52643189,169
2017-02-01 13:42:15,53156629,120
2017-02-01 14:07:45,54739868,133
2017-02-01 14:40:07,53718879,149
2017-02-01 15:00:35,54746740,126
2017-02-01 15:32:39,59374707,175
2017-02-01 16:03:55,54038489,170
2017-02-01 16:24:53,55023647,162
2017-02-01 16:53:22,54049729,141
2017-02-01 17:25:35,55033749,174
2017-02-01 17:46:12,54057918,182
2017-02-01 18:13:03,54068179,187
2017-02-01 18:39:25,54044174,173
2017-02-01 18:48:09,20088240,66
2017-02-01 19:05:09,53602240,197
2017-02-01 19:30:02,54539759,188
2017-02-01 20:01:02,53617308,152
2017-02-01 20:21:55,54548536,161
2017-02-01 20:45:21,55575634,169
2017-02-01 21:14:17,54538136,156
2017-02-01 21:32:59,20298938,50
2017-02-01 21:53:38,20294143,40
2017-02-01 22:14:26,16144268,37
2017-02-01 22:35:18,16143437,35
2017-02-01 22:56:21,16139805,45
2017-02-02 08:09:06,498173686,1032
2017-02-02 08:17:19,16171630,38
2017-02-02 08:39:01,27723550,76
2017-02-02 08:58:34,26703598,59
2017-02-02 09:22:59,62491969,140
2017-02-02 09:45:59,53692171,114
2017-02-02 10:20:47,52752599,166
2017-02-02 10:39:08,53753551,131
2017-02-02 11:04:05,52794033,147
2017-02-02 11:33:43,52898312,142
2017-02-02 11:58:50,54120145,145
2017-02-02 12:24:09,55629679,136
2017-02-02 12:56:29,60777397,159
2017-02-02 13:19:35,62632154,140
2017-02-02 13:45:24,64144201,151
2017-02-02 14:17:24,63195578,132
2017-02-02 14:40:22,67254883,144
2017-02-02 15:06:00,68312612,156
2017-02-02 15:37:36,67292963,155
2017-02-02 16:01:07,68313605,151
2017-02-02 16:27:02,67315846,196
2017-02-02 16:57:34,67294758,166
2017-02-02 17:21:26,68299380,181
2017-02-02 17:46:17,67365728,149
2017-02-02 18:20:14,68369108,186
2017-02-02 18:41:41,67397391,193
2017-02-02 19:06:55,67400374,171
2017-02-02 19:28:59,61929394,141
2017-02-02 19:57:56,67378775,166
2017-02-02 20:24:22,68391094,217
2017-02-02 20:49:00,67387822,164
2017-02-02 21:10:52,27493755,86
2017-02-02 21:31:18,21016300,50
2017-02-02 21:52:39,21018421,55
2017-02-02 22:13:27,16841764,51
2017-02-02 22:34:09,16842248,40
2017-02-02 22:55:06,16840160,43
2017-02-03 08:13:15,512989094,1228
2017-02-03 08:22:53,16879607,54
2017-02-03 08:43:04,28506503,70
2017-02-03 09:04:10,27471726,80
2017-02-03 09:26:55,76795396,242
2017-02-03 09:55:56,68330185,211
2017-02-03 10:21:37,67411221,228
2017-02-03 10:46:15,68394434,196
2017-02-03 11:18:23,67387755,239
2017-02-03 11:41:56,68412525,221
2017-02-03 12:06:48,67370215,203
2017-02-03 12:37:57,67435898,213
2017-02-03 13:01:57,70845170,204
2017-02-03 13:26:52,67442798,181
2017-02-03 13:59:28,68498789,196
2017-02-03 14:21:09,67485002,174
2017-02-03 14:47:12,67479432,194
2017-02-03 15:19:40,68470544,206
2017-02-03 15:41:55,67587073,220
2017-02-03 16:07:00,68610229,194
2017-02-03 16:39:32,67596496,198
2017-02-03 17:03:30,68620588,288
2017-02-03 17:28:20,67627086,239
2017-02-03 18:00:11,67813095,235
2017-02-03 18:22:09,68874314,196
2017-02-03 18:47:42,67730275,203
2017-02-03 19:19:39,68894852,232
2017-02-03 19:41:44,67896799,175
2017-02-03 20:07:19,67892184,177
2017-02-03 20:38:43,69050330,186
2017-02-03 21:02:04,67967610,179
2017-02-03 21:20:24,21034785,57
2017-02-03 21:41:20,21045186,63
2017-02-03 22:02:08,21062478,60
2017-02-03 22:22:44,16879530,46
2017-02-03 22:43:44,16865239,49
2017-02-04 08:14:45,512579858,1156
2017-02-04 08:22:59,16972806,37
2017-02-04 08:44:18,28530637,60
2017-02-04 09:03:58,27538200,57
2017-02-04 09:27:18,76934640,175
2017-02-04 09:54:17,68813066,156
2017-02-04 10:20:41,67798495,158
2017-02-04 10:43:40,68805094,168
2017-02-04 11:06:35,67794088,158
2017-02-04 11:38:05,67800418,165
2017-02-04 12:00:59,68827731,160
2017-02-04 12:26:46,67819702,181
2017-02-04 12:58:29,68827151,208
2017-02-04 13:20:57,67811170,171
2017-02-04 13:46:39,67821110,179
2017-02-04 14:18:16,68803612,185
2017-02-04 14:42:18,67812773,213
2017-02-04 15:08:06,68803243,226
2017-02-04 15:39:37,67815356,249
2017-02-04 16:02:35,68811749,228
2017-02-04 16:27:37,67814409,206
2017-02-04 16:59:37,67826369,201
2017-02-04 17:21:46,68808193,199
2017-02-04 17:47:12,67811184,184
2017-02-04 18:18:24,68825636,174
2017-02-04 18:42:08,67769764,191
2017-02-04 19:07:33,67768983,180
2017-02-04 19:39:11,68807916,173
2017-02-04 20:02:16,67826074,212
2017-02-04 20:27:04,68818710,162
2017-02-04 20:58:43,67814529,146
2017-02-04 21:16:18,20971164,46
2017-02-04 21:37:15,20970625,50
2017-02-04 21:58:11,20969591,55
2017-02-04 22:18:56,16824595,45
2017-02-04 22:39:46,16824595,46
2017-02-04 23:00:29,16824595,41
2017-02-05 08:13:59,512096648,1116
2017-02-06 08:20:42,492665242,1172
2017-02-06 08:30:10,16712658,43
2017-02-06 08:37:22,28403588,70
2017-02-06 08:58:18,27348042,81
2017-02-06 09:23:59,75913612,230
2017-02-06 09:48:10,68317217,201
2017-02-06 10:19:43,67269095,181
2017-02-06 10:41:59,67292423,193
2017-02-06 11:06:30,68323901,178
2017-02-06 11:39:54,67336994,203
2017-02-06 12:00:50,68415698,173
2017-02-06 12:26:53,67388293,196
2017-02-06 12:59:22,67486970,187
2017-02-06 13:20:10,68555328,163
2017-02-06 13:46:11,67489525,178
2017-02-06 14:19:27,68524782,175
2017-02-06 14:39:05,60903734,148
2017-02-06 15:03:35,67527691,210
2017-02-06 15:28:59,68587437,181
2017-02-06 16:01:19,67529764,209
2017-02-06 16:22:43,68610936,189
2017-02-06 16:49:04,67572701,217
2017-02-06 17:17:07,67580034,199
2017-02-06 17:53:28,73752204,263
2017-02-06 18:19:53,67591550,220
2017-02-06 18:46:06,68680674,233
2017-02-06 19:11:52,67647234,215
2017-02-06 19:43:40,68762689,219
2017-02-06 20:03:24,67817533,180
2017-02-06 20:29:17,67933415,178
2017-02-06 20:58:57,71275684,222
2017-02-06 21:17:08,27550024,83
2017-02-06 21:37:31,20990006,60
2017-02-06 21:58:31,20969883,65
2017-02-06 22:19:06,16893596,45
2017-02-06 22:40:04,16866078,50
2017-02-06 23:01:00,16857062,48
2017-02-07 08:16:14,513568702,1249
2017-02-07 08:37:10,277708028,727
2017-02-07 08:47:48,24461192,68
2017-02-07 09:29:48,77067679,251
2017-02-07 09:48:35,63655214,169
2017-02-07 10:19:32,68817972,207
2017-02-07 10:42:43,67907382,224
2017-02-07 11:07:13,68888124,219
2017-02-07 11:38:03,67983512,195
2017-02-07 12:01:24,68958330,215
2017-02-07 12:26:07,67960288,213
2017-02-07 12:58:12,68019005,204
2017-02-07 13:19:47,68966178,187
2017-02-07 13:45:03,68033065,163
2017-02-07 14:18:44,69020580,178
2017-02-07 14:40:12,68026215,180
2017-02-07 18:06:58,68143995,196
2017-02-07 18:18:18,20967057,71
2017-02-07 18:34:27,69792122,211
2017-02-07 18:58:32,68892880,220
2017-02-07 19:21:55,68894351,172
2017-02-07 19:47:37,70003429,206
2017-02-07 20:12:35,68977275,171
2017-02-07 20:45:09,69069572,182
2017-02-07 21:07:10,70014743,171
2017-02-07 21:25:59,21114850,59
2017-02-07 21:46:59,21102404,53
2017-02-07 22:08:08,21086395,58
2017-02-07 22:28:39,16901909,40
2017-02-07 22:49:44,16883272,57
2017-02-08 08:25:09,518479644,1131
2017-02-08 08:34:31,16955914,38
2017-02-08 08:41:43,28620020,70
2017-02-08 09:02:33,27666503,72
2017-02-08 09:29:52,78192661,216
2017-02-08 10:01:43,69178047,236
2017-02-08 10:25:31,68145303,206
2017-02-08 10:51:22,69214384,187
2017-02-08 11:22:57,68259472,208
2017-02-08 11:45:56,68225213,210
2017-02-08 12:11:35,69261852,192
2017-02-08 12:43:56,68305845,225
2017-02-08 13:06:44,69296068,218
2017-02-08 13:31:53,68278355,196
2017-02-08 14:03:52,68281800,187
2017-02-08 14:26:25,69260549,210
2017-02-08 14:52:04,68348965,186
2017-02-08 15:26:36,69349447,280
2017-02-08 15:47:00,68371393,189
2017-02-08 16:12:56,68336252,185
2017-02-08 16:50:43,69606637,273
2017-02-08 17:10:07,69281619,219
2017-02-08 17:34:21,70247448,227
2017-02-08 18:06:26,70166989,245
2017-02-08 18:29:21,70816364,250
2017-02-08 18:54:53,69884051,239
2017-02-08 19:32:23,69936363,264
2017-02-08 19:55:02,68916596,264
2017-02-08 20:00:04,21202870,97
2017-02-08 20:23:12,65967908,268
2017-02-08 20:47:47,71109710,234
2017-02-08 21:14:18,70156764,287
2017-02-08 21:34:55,21146081,71
2017-02-08 21:55:36,21169382,65
2017-02-08 22:16:48,21127422,72
2017-02-08 22:37:32,16940224,62
2017-02-08 22:58:43,16946907,81
2017-02-09 08:28:17,518108265,1198
2017-02-09 08:37:54,17020055,45
2017-02-09 08:45:22,28600529,85
2017-02-09 09:05:52,27622116,69
2017-02-09 09:32:15,78440854,236
2017-02-09 10:02:35,69658945,190
2017-02-09 10:27:20,68669187,214
2017-02-09 10:53:17,68673720,229
2017-02-09 11:26:20,69645541,289
2017-02-09 11:48:25,68731716,244
2017-02-09 12:14:18,69622644,253
2017-02-09 12:46:16,68686969,277
2017-02-09 13:08:59,69738814,264
2017-02-09 14:33:00,69840465,560
2017-02-09 18:09:04,70265525,300
2017-02-09 18:56:59,70220487,290
2017-02-09 22:23:24,70484989,449
2017-02-09 22:37:36,16868126,74
2017-02-09 22:58:19,16872418,76
2017-02-10 08:28:19,517846880,1233
2017-02-10 08:37:28,16940835,54
2017-02-10 08:44:30,28635605,69
2017-02-10 09:05:34,27627645,88
2017-02-10 09:31:21,78212065,265
2017-02-10 10:01:46,63393099,195
2017-02-10 10:25:40,62408885,190
2017-02-10 10:49:16,62668637,243
2017-02-10 11:22:26,69349898,214
2017-02-10 11:46:51,62786521,217
2017-02-10 12:12:32,62772335,208
2017-02-10 12:58:29,115473079,397
2017-02-10 13:06:01,16555181,61
2017-02-10 13:11:58,16542457,52
2017-02-10 13:42:43,63814460,204
2017-02-10 14:06:29,63334950,199
2017-02-10 14:37:47,63284190,211
2017-02-10 15:03:50,64287164,236
2017-02-10 15:27:54,63331592,266
2017-02-10 15:54:10,64361468,247
2017-02-10 16:27:07,63367360,261
2017-02-10 16:47:30,63413860,236
2017-02-10 17:13:01,64361612,209
2017-02-10 17:46:22,63415509,210
2017-02-10 18:07:27,64418396,211
2017-02-10 18:33:04,63429095,202
2017-02-10 19:06:00,63450030,197
2017-02-10 19:27:27,64486698,188
2017-02-10 19:53:33,63482214,184
2017-02-10 20:25:44,63473183,187
2017-02-10 20:48:08,64587168,214
2017-02-10 21:13:49,63529850,200
2017-02-10 21:34:19,20743690,73
2017-02-10 21:55:12,20730728,58
2017-02-10 22:15:59,16558902,51
2017-02-10 22:36:49,16567780,46
2017-02-10 22:57:36,16581414,44
2017-02-11 08:24:09,511800247,1160
2017-02-11 08:33:01,16551545,54
2017-02-11 08:39:59,28358996,66
2017-02-11 09:00:38,27340758,60
2017-02-11 09:27:14,71921836,161
2017-02-11 09:51:45,63739544,154
2017-02-11 10:22:15,62725944,147
2017-02-11 10:48:23,63652927,187
2017-02-11 11:13:51,62713607,164
2017-02-11 11:44:30,62700679,162
2017-02-11 12:08:04,63723546,195
2017-02-11 12:34:02,62711369,186
2017-02-11 13:05:04,63733367,176
2017-02-11 13:27:27,62710828,172
2017-02-11 13:53:31,62687926,166
2017-02-11 14:24:28,63713991,184
2017-02-11 14:48:24,62694549,172
2017-02-11 15:14:33,63661566,176
2017-02-11 15:45:19,62710570,176
2017-02-11 16:09:03,62714920,208
2017-02-11 16:34:44,63699927,180
2017-02-11 17:06:31,62742416,191
2017-02-11 17:28:12,63751762,180
2017-02-11 17:54:16,62728231,169
2017-02-11 18:25:08,62731659,163
2017-02-11 18:47:55,63760180,153
2017-02-11 19:13:48,62691157,157
2017-02-11 19:45:58,63764757,156
2017-02-11 20:07:59,62723180,171
2017-02-11 20:34:17,62734896,174
2017-02-11 21:05:33,63712343,185
2017-02-11 21:24:11,27316101,77
2017-02-11 21:43:39,20675552,59
2017-02-11 22:03:35,20673158,59
2017-02-11 22:23:13,16505367,49
2017-02-11 22:44:14,16505367,48
2017-02-11 23:05:05,16505367,49
2017-02-12 08:24:46,511083679,1249
2017-02-13 08:19:59,491245447,1269
2017-02-13 08:29:22,16413935,46
2017-02-13 08:36:42,28220348,93
2017-02-13 08:57:11,27149784,65
2017-02-13 09:23:40,70999716,208
2017-02-13 09:47:50,63252109,174
2017-02-13 10:19:29,62166805,156
2017-02-13 10:42:26,63470465,192
2017-02-13 11:20:44,67530084,250
2017-02-13 11:42:56,63743466,200
2017-02-13 12:06:31,62697934,228
2017-02-13 12:40:57,62449422,252
2017-02-13 13:01:17,63528708,198
2017-02-13 14:49:14,63600680,437
2017-02-13 15:14:17,64897579,293
2017-02-13 15:23:40,16458579,78
2017-02-13 15:48:48,62481584,290
2017-02-13 16:07:10,63561349,182
2017-02-13 16:38:20,62521283,193
2017-02-13 17:01:16,62578877,181
2017-02-13 17:27:42,63655717,240
2017-02-13 17:58:37,62586423,216
2017-02-13 18:21:16,63680458,174
2017-02-13 18:46:08,63709365,141
2017-02-13 19:22:38,63769891,126
2017-02-13 19:45:18,60749449,181
2017-02-13 19:49:14,18111689,53
2017-02-13 20:07:42,63836751,146
2017-02-13 20:38:25,63830179,155
2017-02-13 21:22:45,64991453,186
2017-02-13 21:41:13,20642170,66
2017-02-13 22:02:26,20620866,69
2017-02-14 08:13:42,526403508,936
2017-02-14 08:22:12,21741953,46
2017-02-14 08:43:38,29193035,56
2017-02-14 09:03:52,28197300,56
2017-02-14 09:30:06,88117939,230
2017-02-14 09:56:55,79899822,178
2017-02-14 10:21:21,78865544,177
2017-02-14 10:53:01,79915062,182
2017-02-14 11:20:26,78966943,222
2017-02-14 12:10:10,80148521,290
2017-02-14 12:42:02,79116569,266
2017-02-14 13:04:40,80169655,243
2017-02-14 13:30:45,79183216,261
2017-02-14 14:02:17,80171609,217
2017-02-14 14:24:48,79179620,208
2017-02-14 14:50:56,79166856,235
2017-02-14 15:25:12,80238789,310
2017-02-14 15:50:53,79218442,302
2017-02-14 16:17:36,71491989,227
2017-02-14 16:25:34,28257832,108
2017-02-14 16:56:36,79270881,260
2017-02-14 17:20:28,80211534,262
2017-02-14 17:43:22,79451193,221
2017-02-14 18:15:39,79440987,217
2017-02-14 18:42:35,80532541,216
2017-02-14 19:04:53,79545372,172
2017-02-14 19:30:24,80572659,182
2017-02-14 20:02:45,79641918,198
2017-02-14 20:26:05,79641099,219
2017-02-14 20:58:00,80689734,224
2017-02-14 21:15:23,21659706,52
2017-02-14 21:35:34,21662352,66
2017-02-14 21:56:29,21666718,69
2017-02-14 22:17:08,17449557,55
2017-02-14 22:37:50,17456463,43
2017-02-14 22:58:38,17435001,41
2017-02-15 08:19:56,527697842,1055
2017-02-15 08:28:10,17545468,37
2017-02-15 08:35:06,29190647,64
2017-02-15 08:55:53,28243557,58
2017-02-15 09:25:11,88564503,213
2017-02-15 09:56:42,79728850,200
2017-02-15 10:20:31,78742938,182
2017-02-15 10:48:57,79736030,261
2017-02-15 11:20:01,78837993,202
2017-02-15 11:42:20,78758840,162
2017-02-15 12:09:05,79854450,179
2017-02-15 13:56:44,79936150,167
2017-02-15 14:15:21,79938112,157
2017-02-15 14:38:39,78967347,172
2017-02-15 15:03:08,78969993,197
2017-02-15 15:35:24,79931087,201
2017-02-15 16:01:32,78996397,162
2017-02-15 16:25:11,80005248,195
2017-02-15 16:55:59,79171851,180
2017-02-15 17:20:31,71772442,165
2017-02-15 17:27:40,28238254,65
2017-02-15 17:56:08,80350402,183
2017-02-15 18:28:04,79848090,173
2017-02-15 18:49:25,81110192,192
2017-02-15 19:17:43,80160803,183
2017-02-15 19:44:21,80285925,219
2017-02-15 20:15:24,81249249,228
2017-02-15 20:44:05,80569273,220
2017-02-15 21:07:21,81546484,239
2017-02-15 21:35:12,21743921,62
2017-02-15 21:54:52,21727293,64
2017-02-15 22:11:47,21717409,61
2017-02-15 22:32:27,17477005,45
2017-02-15 22:53:15,17478198,38
2017-02-16 08:20:01,529782736,955
2017-02-16 08:29:03,17574610,32
2017-02-16 08:36:29,29175361,62
2017-02-16 08:57:17,28184399,63
2017-02-16 09:25:57,88954756,208
2017-02-16 09:57:34,80094234,176
2017-02-16 10:20:43,79130110,162
2017-02-16 10:48:23,80661771,185
2017-02-16 11:29:11,85306304,189
2017-02-16 11:38:30,28217019,62
2017-02-16 12:02:37,80707225,159
2017-02-16 12:25:40,79750922,166
2017-02-16 12:54:52,79916639,194
2017-02-16 13:25:53,81533850,165
2017-02-16 13:48:09,80550892,184
2017-02-16 14:25:46,81572048,161
2017-02-16 14:45:31,76345522,177
2017-02-16 15:09:54,81531673,174
2017-02-16 15:45:35,80600876,176
2017-02-16 16:08:33,80575764,171
2017-02-16 16:45:07,81644147,162
2017-02-16 17:06:12,80773684,171
2017-02-16 17:30:55,81779565,191
2017-02-16 18:02:01,80792139,165
2017-02-16 18:33:33,81822815,176
2017-02-16 19:02:52,80862610,205
2017-02-16 19:34:50,81909469,188
2017-02-16 20:02:48,80998168,194
2017-02-16 20:29:45,81990895,199
2017-02-16 21:03:31,81018504,224
2017-02-16 21:20:52,21761568,44
2017-02-16 21:41:52,21740159,47
2017-02-16 22:02:48,21713731,45
2017-02-16 22:23:30,17495872,35
2017-02-16 22:44:31,17493549,38
2017-02-17 08:19:08,530573710,1018
2017-02-17 08:27:38,17543777,34
2017-02-17 08:36:05,29212454,55
2017-02-17 08:56:58,28194064,61
2017-02-17 09:25:44,89487361,197
2017-02-17 09:57:33,80676480,212
2017-02-17 10:21:42,79635754,189
2017-02-17 10:49:08,80656940,209
2017-02-17 11:21:06,73059415,174
2017-02-17 11:46:04,79637045,185
2017-02-17 12:20:41,80656031,200
2017-02-17 12:45:47,79689486,205
2017-02-17 13:21:03,80731902,160
2017-02-17 13:43:15,79676780,202
2017-02-17 14:10:23,80716396,194
2017-02-17 14:42:30,80098146,221
2017-02-17 15:06:58,80720416,260
2017-02-17 15:42:01,79680286,207
2017-02-17 16:03:19,80767707,187
2017-02-17 16:30:22,79729029,203
2017-02-17 17:02:40,79764552,210
2017-02-17 17:26:11,80801154,171
2017-02-17 18:01:28,83781662,171
2017-02-17 18:07:41,17453960,38
2017-02-17 18:19:35,28246055,62
2017-02-17 18:42:14,80832049,165
2017-02-17 19:05:04,79784358,148
2017-02-17 19:35:10,80834034,165
2017-02-17 20:06:32,79857535,185
2017-02-17 20:30:08,79803290,155
2017-02-17 21:07:46,80863898,155
2017-02-17 21:25:13,21656752,40
2017-02-17 21:44:58,21644104,36
2017-02-17 22:04:56,21641431,42
2017-02-17 22:23:40,17430986,34
2017-02-17 22:44:38,17430289,33
2017-02-18 08:19:06,530610821,966
2017-02-18 08:27:30,17423219,33
2017-02-18 08:34:41,29275262,49
2017-02-18 08:55:36,28244016,54
2017-02-18 09:24:22,88880545,181
2017-02-18 09:49:22,80366138,142
2017-02-18 10:21:16,79330340,170
2017-02-18 10:44:56,80342333,160
2017-02-18 11:21:48,79348221,169
2017-02-18 11:42:57,80406838,177
2017-02-18 12:09:22,79344265,154
2017-02-18 12:42:25,79328286,208
2017-02-18 13:05:56,80354305,143
2017-02-18 13:40:53,79290881,143
2017-02-18 14:05:07,80337882,145
2017-02-18 14:41:36,79339280,141
2017-02-18 15:02:26,80368055,140
2017-02-18 15:29:56,79302756,201
2017-02-18 16:02:38,79273456,204
2017-02-18 16:26:17,80365891,170
2017-02-18 17:01:19,79340122,143
2017-02-18 17:23:27,80378984,158
2017-02-18 17:49:42,79339000,135
2017-02-18 18:21:20,79305971,143
2017-02-18 18:45:37,80368058,145
2017-02-18 19:21:22,79365674,151
2017-02-18 19:43:22,80348121,156
2017-02-18 20:09:46,79357222,143
2017-02-18 20:40:36,79357892,142
2017-02-18 21:05:46,80397023,139
2017-02-18 21:28:56,21612512,38
2017-02-18 21:49:49,21613156,41
2017-02-18 22:10:32,21610653,36
2017-02-18 22:31:21,17402170,33
2017-02-18 22:52:09,17402170,31
2017-02-19 07:14:48,514220761,842
2017-02-20 07:22:33,493569789,984
2017-02-20 07:32:20,16422917,49
2017-02-20 07:39:06,28203152,54
2017-02-20 08:00:03,27164678,62
2017-02-20 08:25:47,72473779,200
2017-02-20 09:16:40,69663839,150
2017-02-20 09:24:17,23071461,59
2017-02-20 09:56:38,63605246,145
2017-02-20 10:18:51,64611383,167
2017-02-20 10:41:56,63604419,167
2017-02-20 11:07:34,64638066,150
2017-02-20 11:39:32,63629363,170
2017-02-20 12:02:24,63633236,163
2017-02-20 12:27:17,64718925,132
2017-02-20 12:59:00,63691931,128
2017-02-20 13:21:54,64746124,118
2017-02-20 13:47:09,63724444,138
2017-02-20 14:19:46,63749483,157
2017-02-20 14:42:57,64769269,183
2017-02-20 15:08:37,63740171,173
2017-02-20 15:40:43,63787498,171
2017-02-20 16:12:18,64856980,159
2017-02-20 16:39:05,63741833,149
2017-02-20 16:58:04,58211812,148
2017-02-20 17:25:04,63861844,169
2017-02-20 18:00:37,64225643,173
2017-02-20 18:22:46,65717538,170
2017-02-20 18:48:49,65250653,137
2017-02-20 18:52:52,18688122,48
2017-02-20 19:19:06,65855122,143
2017-02-20 19:45:14,64848514,125
2017-02-20 20:22:22,64748904,158
2017-02-20 20:41:16,20731385,48
2017-02-20 21:01:20,20710990,40
2017-02-20 21:18:56,16481658,30
2017-02-20 21:39:48,16481283,32
2017-02-20 22:00:48,16477351,32
2017-02-21 07:19:18,496099076,989
2017-02-21 07:28:38,16669666,35
2017-02-21 07:37:41,28729402,60
2017-02-21 07:57:18,23447851,61
2017-02-21 08:24:51,74395987,170
2017-02-21 08:56:56,65563246,152
2017-02-21 09:20:36,64620417,139
2017-02-21 09:47:38,65646313,139
2017-02-21 10:21:09,64760886,217
2017-02-21 10:43:48,64774233,179
2017-02-21 11:09:20,65792806,177
2017-02-21 11:40:22,64813649,144
2017-02-21 12:07:12,65899538,154
2017-02-21 12:40:38,64936699,145
2017-02-21 13:02:49,65956424,136
2017-02-21 13:29:10,64981170,156
2017-02-21 14:02:47,64964382,258
2017-02-21 14:28:26,66019785,184
2017-02-21 15:05:31,70260244,189
2017-02-21 15:34:34,66016466,198
2017-02-21 15:59:49,65070012,200
2017-02-21 16:23:00,66192579,178
2017-02-21 16:49:39,65210578,195
2017-02-21 17:21:18,65210451,150
2017-02-21 17:49:42,66190266,244
2017-02-21 18:24:33,65198923,160
2017-02-21 18:49:09,66402054,128
2017-02-21 19:12:57,65582674,131
2017-02-21 19:41:40,65662770,130
2017-02-21 20:08:55,66763516,132
2017-02-21 20:29:32,20890659,44
2017-02-21 20:50:39,20869289,53
2017-02-21 21:11:19,20873856,38
2017-02-21 21:32:04,16544495,30
2017-02-21 21:52:55,16558866,34
2017-02-22 07:21:07,499232277,993
2017-02-22 07:29:40,16785982,42
2017-02-22 07:37:09,28768770,70
2017-02-22 07:57:39,27758830,53
2017-02-22 08:25:50,75580260,187
2017-02-22 08:57:02,66149954,141
2017-02-22 09:37:21,70323083,138
2017-02-22 09:57:18,58019596,136
2017-02-22 10:05:38,28762057,60
2017-02-22 10:38:13,65235701,147
2017-02-22 11:00:45,65270253,153
2017-02-22 11:26:01,66276725,274
2017-02-22 11:56:21,65347733,308
2017-02-22 12:28:59,66401012,239
2017-02-22 12:49:57,65324747,271
2017-02-22 13:21:27,65391272,261
2017-02-22 13:44:10,66353935,241
2017-02-22 14:10:48,65413781,248
2017-02-22 14:43:40,66467793,240
2017-02-22 15:06:39,66498302,239
2017-02-22 15:35:38,65943322,256
2017-02-22 15:44:36,23549359,109
2017-02-22 16:16:06,67885961,301
2017-02-22 16:40:05,66984822,151
2017-02-22 17:03:24,67989055,149
2017-02-22 17:35:14,67053229,137
2017-02-22 18:03:22,67080555,149
2017-02-22 18:27:07,68139147,183
2017-02-22 18:59:37,72593060,145
2017-02-22 19:24:40,73645088,164
2017-02-22 19:51:14,72626123,154
2017-02-22 20:11:26,21328997,63
2017-02-22 20:32:56,21307465,63
2017-02-22 20:54:22,21313507,81
2017-02-22 21:14:40,16969490,49
2017-02-22 21:35:41,16995140,50
2017-02-22 21:56:39,16959874,57
2017-02-23 07:21:00,503345312,1021
2017-02-23 07:30:34,16928880,59
2017-02-23 07:38:07,29039604,51
2017-02-23 07:58:59,28029390,56
2017-02-23 08:26:37,80977765,149
2017-02-23 09:01:16,71521823,182
2017-02-23 09:10:23,23743279,51
2017-02-23 09:21:40,28014784,53
2017-02-23 09:51:40,71653969,148
2017-02-23 10:22:41,70613415,150
2017-02-23 10:49:52,70653093,154
2017-02-23 11:23:28,64852700,148
2017-02-23 11:46:56,66404600,255
2017-02-23 12:23:26,71746562,150
2017-02-23 12:44:47,66421840,135
2017-02-23 13:24:04,71741970,182
2017-02-23 13:43:54,70778096,169
2017-02-23 14:11:33,71790672,200
2017-02-23 14:44:29,70765060,164
2017-02-23 15:06:59,67475477,211
2017-02-23 15:45:17,70820697,192
2017-02-23 16:06:44,67561371,166
2017-02-23 16:39:15,70868233,171
2017-02-23 17:10:08,71877490,179
2017-02-23 17:39:06,71000379,173
2017-02-23 18:11:51,71073931,154
2017-02-23 18:39:17,68008661,137
2017-02-23 19:06:51,71407035,151
2017-02-23 19:39:14,72442948,140
2017-02-23 20:06:38,71419721,142
2017-02-23 20:30:21,21185497,46
2017-02-23 20:51:15,21194855,51
2017-02-23 21:12:07,21214876,43
2017-02-23 21:32:52,16852691,37
2017-02-23 21:53:44,16859060,34
2017-02-24 07:11:02,517033421,818
2017-02-24 07:19:51,16792271,28
2017-02-24 07:40:12,28827351,51
2017-02-24 08:00:09,27798627,56
2017-02-24 08:26:30,75521770,169
2017-02-24 09:02:58,66334521,157
2017-02-24 09:22:10,65281473,137
2017-02-24 09:48:53,66290548,133
2017-02-24 10:22:52,65290309,176
2017-02-24 10:46:28,66390397,205
2017-02-24 11:22:43,65393025,161
2017-02-24 11:43:07,65400430,141
2017-02-24 12:10:11,66468202,153
2017-02-24 12:42:45,65432419,160
2017-02-24 13:10:53,66473818,225
2017-02-24 13:43:16,65414601,187
2017-02-24 14:07:23,66421732,248
2017-02-24 14:37:54,65389460,217
2017-02-24 15:08:35,66438462,193
2017-02-24 15:30:40,65466738,151
2017-02-24 16:03:45,65509988,171
2017-02-24 16:34:24,66580659,143
2017-02-24 17:03:28,65483372,145
2017-02-24 17:35:34,66549644,135
2017-02-24 18:03:09,65546132,128
2017-02-24 18:35:23,66690706,128
2017-02-24 19:05:29,65793583,240
2017-02-24 19:36:16,66913173,133
2017-02-24 20:05:13,65961645,227
2017-02-24 20:23:09,21038646,69
2017-02-24 20:44:21,21013076,62
2017-02-24 21:04:56,16681643,43
2017-02-24 21:25:54,16675196,44
2017-02-24 21:46:54,16677543,50
2017-02-25 07:16:59,516597304,938
2017-02-25 07:25:52,16729864,31
2017-02-25 07:46:23,28911687,53
2017-02-25 08:21:27,75614249,129
2017-02-25 08:53:15,66837805,117
2017-02-25 09:17:21,65745767,120
2017-02-25 09:44:15,66837484,119
2017-02-25 10:17:16,65779463,112
2017-02-25 10:40:21,66847668,126
2017-02-25 11:06:48,65788641,109
2017-02-25 11:37:20,65791732,115
2017-02-25 12:04:41,66845580,120
2017-02-25 12:38:08,65788461,115
2017-02-25 13:00:45,66844461,126
2017-02-25 13:27:33,65800314,121
2017-02-25 13:58:55,65786058,112
2017-02-25 14:25:24,66840696,145
2017-02-25 14:58:49,65753407,120
2017-02-25 15:24:50,66837055,111
2017-02-25 15:58:46,65780504,122
2017-02-25 16:21:35,66857666,133
2017-02-25 16:49:10,65810059,151
2017-02-25 17:19:23,65817462,126
2017-02-25 17:45:34,66812099,125
2017-02-25 18:20:03,65757259,115
2017-02-25 18:44:58,66850518,126
2017-02-25 19:19:57,65785704,117
2017-02-25 19:42:08,66825939,116
2017-02-25 20:09:24,65742823,132
2017-02-25 20:29:50,20962062,42
2017-02-25 20:50:36,20960032,36
2017-02-25 21:11:29,20961127,38
2017-02-25 21:32:15,16656596,33
2017-02-25 21:53:04,16656596,33
2017-02-26 07:14:41,516047586,825
2017-02-27 07:20:47,496249856,872
2017-02-27 07:29:37,16540403,28
2017-02-27 07:36:28,28730486,51
2017-02-27 07:57:07,27635782,43
2017-02-27 08:23:36,74612173,127
2017-02-27 08:54:14,66298990,116
2017-02-27 09:20:08,65151007,111
2017-02-27 09:47:00,66315567,111
2017-02-27 10:19:37,65192267,116
2017-02-27 10:42:43,65205839,111
2017-02-27 11:08:22,66310986,121
2017-02-27 11:39:15,65212253,108
2017-02-27 12:06:30,66306849,122
2017-02-27 12:39:34,65202966,116
2017-02-27 13:01:35,66311020,110
2017-02-27 13:28:03,65235151,115
2017-02-27 13:59:51,65221214,122
2017-02-27 14:27:08,66326122,129
2017-02-27 14:59:18,65221680,124
2017-02-27 15:22:13,66322478,112
2017-02-27 15:48:07,65198762,125
2017-02-27 16:20:29,65241917,118
2017-02-27 16:46:18,66332144,119
2017-02-27 17:19:37,65341676,116
2017-02-27 17:41:56,66424144,115
2017-02-27 18:08:58,65375585,116
2017-02-27 18:40:34,65402500,117
2017-02-27 19:08:10,66511549,121
2017-02-27 19:40:16,65739641,120
2017-02-27 20:03:39,66850212,136
2017-02-27 20:22:39,20765829,49
2017-02-27 20:47:33,20764621,42
2017-02-27 21:08:27,20764558,37
2017-02-27 21:29:13,16549541,31
2017-02-27 21:50:20,16549541,40
2017-02-28 07:17:19,515499785,957
2017-02-28 07:26:04,16641403,31
2017-02-28 07:46:23,28836208,47
2017-02-28 08:21:13,75453272,133
2017-02-28 08:51:52,66911470,120
2017-02-28 09:16:42,65816509,114
2017-02-28 09:43:53,66890322,115
2017-02-28 10:16:35,65815601,118
2017-02-28 10:38:38,66917466,127
2017-02-28 11:05:15,65828885,110
2017-02-28 11:36:56,65820241,121
2017-02-28 12:04:01,66923251,121
2017-02-28 12:36:44,65822989,124
2017-02-28 12:58:32,66941840,123
2017-02-28 13:25:41,65818732,125
2017-02-28 13:57:22,65819326,115
2017-02-28 14:24:55,66891708,134
2017-02-28 14:57:26,65822963,146
2017-02-28 15:23:25,66914827,139
2017-02-28 15:50:18,65839491,127
2017-02-28 16:22:00,66935068,156
2017-02-28 16:44:38,65812254,119
2017-02-28 17:15:37,65830393,114
2017-02-28 17:38:46,66930842,125
2017-02-28 18:08:48,65811466,107
2017-02-28 18:37:54,66863999,125
2017-02-28 19:10:11,65830341,139
2017-02-28 19:37:26,66897368,122
2017-02-28 19:58:58,65838924,131
2017-02-28 20:18:00,20885293,42
2017-02-28 20:39:09,20862750,61
2017-02-28 21:00:00,20861278,62
2017-02-28 21:20:36,16645302,52
2017-02-28 21:41:24,16642878,42
2017-02-28 22:02:35,16642878,49
2017-03-01 07:13:39,509134794,831
2017-03-01 07:22:46,16439981,41
2017-03-01 07:43:00,28635439,50
2017-03-01 08:02:53,27532140,50
2017-03-01 08:24:54,69006646,156
2017-03-01 08:51:49,60389203,122
2017-03-01 09:17:30,59260147,128
2017-03-01 09:40:34,60350489,128
2017-03-01 10:04:32,59249504,135
2017-03-01 10:36:03,59262138,149
2017-03-01 10:59:41,60423393,158
2017-03-01 11:25:59,59316659,197
2017-03-01 11:57:50,60365601,234
2017-03-01 12:19:51,59211964,164
2017-03-01 12:45:07,59267060,173
2017-03-01 13:14:47,60384686,160
2017-03-01 13:40:34,59264915,200
2017-03-01 14:06:12,60347629,229
2017-03-01 14:36:24,59285344,229
2017-03-01 15:01:23,59338853,202
2017-03-01 15:26:22,60438491,193
2017-03-01 15:57:05,59413411,162
2017-03-01 16:21:10,60687290,163
2017-03-01 16:45:43,59552868,160
2017-03-01 17:17:24,59646085,171
2017-03-01 17:40:48,60740841,175
2017-03-01 18:06:05,59634624,160
2017-03-01 18:38:24,60722793,144
2017-03-01 19:01:02,59675711,150
2017-03-01 19:30:02,59772631,164
2017-03-01 19:56:21,60868587,150
2017-03-01 20:15:28,20670862,71
2017-03-01 20:36:37,20634038,84
2017-03-01 20:57:23,20637851,73
2017-03-01 21:18:10,16462069,62
2017-03-01 21:38:47,16456652,48
2017-03-01 21:59:57,16455834,58
2017-03-02 07:15:07,507903219,984
2017-03-02 07:24:43,16526177,38
2017-03-02 07:45:09,28404628,64
2017-03-02 08:04:57,27354278,59
2017-03-02 08:29:31,68339111,148
2017-03-02 08:54:42,60345351,126
2017-03-02 09:19:39,59052253,156
2017-03-02 09:44:19,60113951,137
2017-03-02 10:15:24,59075347,146
2017-03-02 10:38:51,59090445,132
2017-03-02 11:04:17,60133786,138
2017-03-02 11:35:53,59115627,164
2017-03-02 12:03:17,66357370,165
2017-03-02 12:07:37,16640153,38
2017-03-02 12:30:26,59171041,130
2017-03-02 12:55:48,60241771,181
2017-03-02 13:20:27,59165300,188
2017-03-02 13:45:45,59167111,180
2017-03-02 14:18:21,60258764,197
2017-03-02 14:40:35,59203964,193
2017-03-02 15:04:59,60256061,144
2017-03-02 15:37:31,59264584,150
2017-03-02 16:00:33,60351806,159
2017-03-02 16:26:03,59267842,177
2017-03-02 16:58:52,59335532,144
2017-03-02 17:19:26,53539730,117
2017-03-02 17:41:54,59364061,130
2017-03-02 18:07:34,59407901,137
2017-03-02 18:37:06,61260989,134
2017-03-02 19:02:34,60210197,147
2017-03-02 19:28:52,61383237,201
2017-03-02 19:59:59,60290509,180
2017-03-02 20:17:52,27575245,76
2017-03-02 20:37:58,20733937,73
2017-03-02 20:59:03,20729898,71
2017-03-02 21:19:38,16664808,53
2017-03-02 21:40:36,16662109,51
2017-03-02 22:01:34,16665700,54
2017-03-03 07:11:47,506795388,1095
2017-03-03 07:34:38,362105354,821
2017-03-03 07:54:41,316691755,566
2017-03-03 08:25:51,69600121,175
2017-03-03 08:47:02,61712411,150
2017-03-03 09:16:47,60731727,158
2017-03-03 09:40:12,60722414,173
2017-03-03 10:03:58,61719321,178
2017-03-03 10:29:18,60747367,174
2017-03-03 11:01:15,61234542,195
2017-03-03 11:24:54,62219649,216
2017-03-03 11:49:48,61262433,183
2017-03-03 12:20:02,62297234,135
2017-03-03 12:43:25,61349614,152
2017-03-03 13:08:41,61355997,149
2017-03-03 13:39:58,62296840,160
2017-03-03 14:04:30,61355251,167
2017-03-03 14:29:30,62323963,158
2017-03-03 15:00:06,61370036,165
2017-03-03 15:25:00,62379220,164
2017-03-03 16:00:06,61408967,138
2017-03-03 16:20:09,57398038,140
2017-03-03 16:41:49,55733190,158
2017-03-03 17:07:04,61720854,137
2017-03-03 17:39:29,62659401,138
2017-03-03 18:01:52,61903918,140
2017-03-03 18:27:31,62086156,151
2017-03-03 19:00:29,63072597,145
2017-03-03 19:21:39,62143667,137
2017-03-03 19:47:25,63104545,153
2017-03-03 20:09:31,28992902,73
2017-03-03 20:30:10,22095322,58
2017-03-03 20:51:12,22107543,66
2017-03-03 21:12:06,22085947,65
2017-03-03 21:32:37,17901556,48
2017-03-03 21:53:40,17896772,50
2017-03-04 07:08:05,488880642,768
2017-03-04 07:15:58,17803084,30
2017-03-04 07:37:23,29822918,50
2017-03-04 07:57:17,28843288,50
2017-03-04 08:22:02,69989985,118
2017-03-04 08:45:53,62247604,107
2017-03-04 09:18:27,61296275,109
2017-03-04 09:39:50,62304109,117
2017-03-04 10:03:51,61341359,132
2017-03-04 10:32:34,61328001,119
2017-03-04 10:58:17,62281410,121
2017-03-04 11:24:17,61296755,141
2017-03-04 11:56:37,62240455,170
2017-03-04 12:18:50,61314832,155
2017-03-04 12:44:46,62291057,181
2017-03-04 13:17:11,61331633,223
2017-03-04 13:40:24,61324513,238
2017-03-04 14:05:41,62267807,230
2017-03-04 14:36:15,61327628,160
2017-03-04 14:59:45,62322867,203
2017-03-04 15:24:34,61331846,180
2017-03-04 15:49:34,61322003,174
2017-03-04 16:21:05,62290160,173
2017-03-04 16:43:55,61323275,148
2017-03-04 17:08:39,62281665,117
2017-03-04 17:39:40,61311163,124
2017-03-04 18:02:37,62311779,121
2017-03-04 18:27:45,61345978,127
2017-03-04 19:00:13,61329742,125
2017-03-04 19:21:48,62316581,145
2017-03-04 19:46:05,61289718,172
2017-03-04 20:12:57,54468474,161
2017-03-04 20:31:57,21953709,67
2017-03-04 20:52:52,21953494,65
2017-03-04 21:13:38,21954036,62
2017-03-04 21:34:26,17767960,59
2017-03-04 21:55:21,17767960,55
2017-03-05 07:07:49,507110908,900
2017-03-06 07:12:55,487977832,889
2017-03-06 07:21:49,17771344,34
2017-03-06 07:43:27,29735571,68
2017-03-06 08:03:23,28734952,64
2017-03-06 08:24:57,69747567,158
2017-03-06 08:54:20,62403263,158
2017-03-06 09:24:47,61593301,131
2017-03-06 09:44:42,62611302,139
2017-03-06 10:15:23,61625408,147
2017-03-06 10:39:59,62612364,146
2017-03-06 11:04:48,61632426,136
2017-03-06 11:35:18,61600793,135
2017-03-06 12:00:02,62640664,164
2017-03-06 12:24:57,61645021,137
2017-03-06 12:55:07,62644147,120
2017-03-06 13:19:18,61656780,125
2017-03-06 13:44:47,61660159,139
2017-03-06 14:17:37,62690609,176
2017-03-06 14:40:13,61698697,140
2017-03-06 15:05:08,61825864,131
2017-03-06 15:35:44,60833767,153
2017-03-06 16:00:40,61896384,145
2017-03-06 16:25:40,60959212,146
2017-03-06 16:47:42,54232715,131
2017-03-06 17:20:42,58052871,257
2017-03-06 17:42:03,61648438,153
2017-03-06 17:52:34,23507567,54
2017-03-06 18:07:57,62828127,171
2017-03-06 18:36:41,61879379,188
2017-03-06 19:01:24,61953200,141
2017-03-06 19:26:54,63016589,153
2017-03-06 19:58:26,62091531,210
2017-03-06 20:17:14,28771520,101
2017-03-06 20:37:51,21955098,91
2017-03-06 20:58:23,21940419,69
2017-03-06 21:18:18,17826408,67
2017-03-06 21:39:11,17826408,69
2017-03-06 22:00:10,17826408,65
2017-03-07 07:06:33,482985817,723
2017-03-07 07:15:21,17960947,29
2017-03-07 07:35:42,29714130,55
2017-03-07 07:55:35,28768637,54
2017-03-07 08:23:32,70275190,157
2017-03-07 08:46:54,62320890,138
2017-03-07 09:17:29,61407961,143
2017-03-07 09:37:14,55540474,144
2017-03-07 10:00:06,61474716,124
2017-03-07 10:25:40,61466976,120
2017-03-07 10:58:14,61991832,146
2017-03-07 11:21:35,61107622,178
2017-03-07 11:47:12,62030914,188
2017-03-07 12:17:12,61156456,139
2017-03-07 12:40:26,61116549,130
2017-03-07 13:06:15,62030814,139
2017-03-07 13:38:47,61161951,181
2017-03-07 14:01:23,62129464,186
2017-03-07 14:26:32,61198534,156
2017-03-07 14:56:19,61263200,180
2017-03-07 15:22:13,62203469,183
2017-03-07 15:31:43,21499985,75
2017-03-07 15:46:51,61270558,127
2017-03-07 16:18:44,62233381,146
2017-03-07 16:41:18,61304933,146
2017-03-07 17:07:05,61311718,153
2017-03-07 17:36:41,63469450,171
2017-03-07 18:01:49,63229662,141
2017-03-07 18:27:27,64226037,144
2017-03-07 18:37:27,27059116,74
2017-03-07 18:56:01,56727969,129
2017-03-07 19:25:00,67966373,185
2017-03-07 19:33:44,18036868,48
2017-03-07 19:58:20,63549365,250
2017-03-07 20:17:24,28897316,96
2017-03-07 20:39:11,22126003,85
2017-03-07 21:00:06,22102359,78
2017-03-07 21:16:40,17916745,60
2017-03-07 21:37:35,17898978,60
2017-03-07 21:58:16,17902197,46
2017-03-08 07:11:36,487465925,891
2017-03-08 07:19:44,17931603,39
2017-03-08 07:41:23,29722406,71
2017-03-08 08:01:15,28807525,62
2017-03-08 08:25:17,71386634,202
2017-03-08 08:53:29,62534598,151
2017-03-08 09:24:20,61630141,148
2017-03-08 09:44:10,62564637,145
2017-03-08 10:04:12,55159119,118
2017-03-08 10:12:11,28828074,72
2017-03-08 10:45:44,61688156,157
2017-03-08 11:08:40,62700713,300
2017-03-08 12:03:38,62864439,294
2017-03-08 12:27:33,62438793,227
2017-03-08 12:59:18,55641842,207
2017-03-08 13:25:02,63340494,224
2017-03-08 13:50:45,62456408,242
2017-03-08 14:19:55,63410333,275
2017-03-08 14:45:47,62501649,247
2017-03-08 15:12:11,62508416,284
2017-03-08 15:43:53,63409494,189
2017-03-08 16:06:08,62497252,217
2017-03-08 16:35:56,63462396,167
2017-03-08 16:58:53,67995699,167
2017-03-08 17:24:44,68562667,174
2017-03-08 17:33:41,28309193,65
2017-03-08 17:56:20,64186402,168
2017-03-08 17:59:50,18194235,46
2017-03-08 18:15:32,26709764,61
2017-03-08 18:27:59,61922513,171
2017-03-08 19:01:41,69824704,263
2017-03-08 19:24:55,68908403,161
2017-03-08 19:51:30,69874229,194
2017-03-08 20:11:23,29267488,76
2017-03-08 20:32:11,22481093,56
2017-03-08 20:53:40,22470266,71
2017-03-08 21:14:28,18246438,62
2017-03-08 21:35:13,18211019,57
2017-03-08 21:56:06,18210689,49
2017-03-09 07:21:51,507049203,1260
2017-03-09 07:30:26,17988685,46
2017-03-09 07:38:54,29793283,85
2017-03-09 07:59:56,28879520,85
2017-03-09 08:27:06,71733579,220
2017-03-09 08:59:41,62915619,165
2017-03-09 09:22:39,61764104,208
2017-03-09 09:48:01,61834792,168
2017-03-09 10:21:25,62790332,192
2017-03-09 10:44:10,61853825,170
2017-03-09 11:08:38,62796023,183
2017-03-09 11:40:30,61881242,197
2017-03-09 12:03:14,62771584,172
2017-03-09 12:28:04,61957329,149
2017-03-09 12:59:23,61954484,179
2017-03-09 13:22:53,62896917,156
2017-03-09 13:51:11,61934094,149
2017-03-09 14:24:22,62917131,194
2017-03-09 14:45:34,61967397,206
2017-03-09 15:12:31,62162852,171
2017-03-09 15:46:34,63126703,208
2017-03-09 16:07:25,62739806,199
2017-03-09 16:30:35,63725853,203
2017-03-09 17:07:37,62821281,209
2017-03-09 17:28:27,64177614,206
2017-03-09 17:57:15,62714304,198
2017-03-09 18:23:40,62753115,170
2017-03-09 18:49:42,63711661,219
2017-03-09 19:24:48,62823861,196
2017-03-09 19:47:13,63760636,156
2017-03-09 20:14:14,56146474,140
2017-03-09 20:33:30,22158007,60
2017-03-09 20:54:14,22136811,51
2017-03-09 21:14:59,17931025,40
2017-03-09 21:36:03,17923549,43
2017-03-09 21:56:58,17923701,43
2017-03-10 07:22:21,507550493,1134
2017-03-10 07:30:44,18041963,43
2017-03-10 07:38:28,29806208,81
2017-03-10 07:59:17,28880019,72
2017-03-10 08:28:02,71628209,242
2017-03-10 08:39:42,21922247,55
2017-03-10 09:01:28,63032667,175
2017-03-10 09:24:10,61972708,157
2017-03-10 09:59:28,62978463,151
2017-03-10 10:23:23,62024822,173
2017-03-10 10:46:17,62020775,181
2017-03-10 10:57:38,22058616,65
2017-03-10 11:21:04,68475861,210
2017-03-10 11:43:44,68502805,206
2017-03-10 12:10:06,68494009,190
2017-03-10 12:41:35,67532444,186
2017-03-10 13:04:52,67591776,197
2017-03-10 13:30:09,68552513,178
2017-03-10 14:02:26,67563498,230
2017-03-10 14:26:07,68554677,245
2017-03-10 14:49:57,67623675,196
2017-03-10 15:24:18,67658448,218
2017-03-10 15:47:12,68854966,212
2017-03-10 16:16:57,67901066,216
2017-03-10 17:49:18,68855487,195
2017-03-13 11:00:06,63267081,190
2017-03-13 11:28:35,60990851,163
2017-03-13 12:00:44,61894948,196
2017-03-13 12:27:12,61148962,164
2017-03-13 13:00:03,62182353,165
2017-03-13 13:26:40,61221841,163
2017-03-13 14:01:50,62213236,194
2017-03-13 14:25:45,61241026,201
2017-03-13 14:51:30,62219767,182
2017-03-13 15:24:13,61260621,192
2017-03-13 15:49:42,62260590,187
2017-03-13 16:20:23,63408578,180
2017-03-13 16:46:36,63440663,204
2017-03-13 17:17:31,64446609,191
2017-03-13 17:43:24,63476822,241
2017-03-13 18:15:08,64517446,179
2017-03-13 18:42:05,63456570,181
2017-03-13 18:58:15,32814201,94
2017-03-13 19:14:48,56483838,155
2017-03-13 19:18:52,18097625,55
2017-03-13 19:43:40,63528913,176
2017-03-13 20:11:51,64470328,194
2017-03-13 20:31:04,22135617,64
2017-03-13 20:52:09,22156292,69
2017-03-13 21:13:00,22116207,66
2017-03-13 21:33:27,17978551,51
2017-03-13 21:54:26,17972132,53
2017-03-14 07:20:34,488967195,1142
2017-03-14 07:29:45,18964648,54
2017-03-14 07:37:24,28753705,84
2017-03-14 07:58:09,28785184,82
2017-03-14 08:34:25,72013906,205
2017-03-14 08:56:37,63989793,171
2017-03-14 09:25:00,63034524,172
2017-03-14 09:56:27,64867314,178
2017-03-14 10:15:55,55883788,158
2017-03-14 10:24:57,28794040,81
2017-03-14 10:57:26,64876602,171
2017-03-14 11:25:39,63915165,187
2017-03-14 11:53:38,63980923,171
2017-03-14 12:25:12,64924816,158
2017-03-14 12:44:57,64005569,164
2017-03-14 13:15:41,64991790,158
2017-03-14 13:48:10,53158354,160
2017-03-14 14:16:08,64012463,181
2017-03-14 14:44:43,65139052,170
2017-03-14 15:18:30,64201833,308
2017-03-14 17:42:00,211700226,591
2017-03-14 18:13:21,67566485,172
2017-03-14 18:41:13,67612834,162
2017-03-14 19:02:52,68645265,289
2017-03-14 19:29:41,67653978,266
2017-03-14 19:49:08,60969190,233
2017-03-14 20:13:17,68585744,284
2017-03-14 20:35:13,67611274,269
2017-03-14 20:54:47,68577782,182
2017-03-14 21:20:15,67629786,236
2017-03-14 21:43:26,67633609,218
2017-03-14 21:52:05,60300655,180
2017-03-14 21:57:35,22588500,74
2017-03-14 22:03:07,18357193,49
2017-03-14 22:08:29,18357193,53
2017-03-14 22:13:49,18364596,59
2017-03-15 07:31:22,513239329,1258
2017-03-15 07:40:49,19156443,55
2017-03-15 07:49:20,30874319,72
2017-03-15 08:25:05,75606410,229
2017-03-15 08:53:10,66065116,189
2017-03-15 09:25:46,67113985,240
2017-03-15 09:47:03,66140124,203
2017-03-15 10:20:26,67124371,208
2017-03-15 10:46:01,66170688,198
2017-03-15 11:22:20,67098021,182
2017-03-15 11:48:17,66209511,394
2017-03-15 12:22:18,67344990,187
2017-03-15 12:43:42,66418970,189
2017-03-15 13:11:30,67378970,198
2017-03-15 13:42:40,66463035,203
2017-03-15 14:06:55,67469603,193
2017-03-15 15:00:26,80840846,623
2017-03-15 15:10:14,23278542,117
2017-03-15 15:23:37,29926825,165
2017-03-15 15:44:39,68009677,222
2017-03-15 16:25:58,66988289,191
2017-03-15 16:35:20,23306983,70
2017-03-15 17:01:32,68105607,204
2017-03-15 17:27:24,67160627,223
2017-03-15 18:00:16,67206004,175
2017-03-15 18:28:23,68209048,181
2017-03-15 19:09:30,59639041,173
2017-03-15 19:20:43,30107799,77
2017-03-15 19:41:59,68308805,191
2017-03-15 20:36:16,67344728,202
2017-03-15 20:54:43,23299143,76
2017-03-15 21:15:37,23273388,75
2017-03-15 21:36:19,19037841,64
2017-03-15 21:57:06,19029852,59
2017-03-16 07:23:15,513545217,1234
2017-03-16 07:32:55,19144785,71
2017-03-16 07:40:54,30922716,82
2017-03-16 08:01:56,29935062,80
2017-03-16 08:32:32,76044198,259
2017-03-16 09:03:55,67391154,178
2017-03-16 09:28:27,66352375,174
2017-03-16 09:57:43,67388553,203
2017-03-16 10:29:45,66382032,168
2017-03-16 10:54:06,66333924,154
2017-03-16 11:30:34,67348224,177
2017-03-16 11:55:30,66411054,162
2017-03-16 12:24:45,67388749,179
2017-03-16 12:55:37,66447819,160
2017-03-16 13:21:50,67441048,154
2017-03-16 13:44:02,66457117,145
2017-03-16 14:19:24,66479113,381
2017-03-16 14:38:11,56494719,295
2017-03-16 14:57:10,32172935,142
2017-03-16 15:19:53,62220082,273
2017-03-16 15:40:48,59752206,325
2017-03-16 16:11:49,63785099,266
2017-03-16 16:42:24,67089762,211
2017-03-16 17:08:00,68330171,222
2017-03-16 17:46:05,67481184,168
2017-03-16 18:10:33,64230414,144
2017-03-16 18:41:06,67576151,178
2017-03-16 19:08:34,68575776,164
2017-03-16 19:40:57,67600913,170
2017-03-16 20:10:09,68621143,180
2017-03-16 20:29:56,23319426,62
2017-03-16 20:50:56,23292456,63
2017-03-16 21:12:01,23279843,65
2017-03-16 21:32:46,19028403,55
2017-03-16 21:53:40,19032760,51
2017-03-17 07:26:09,513762224,1267
2017-03-17 07:35:48,19079315,51
2017-03-17 07:43:16,30972612,77
2017-03-17 08:25:59,75851678,336
2017-03-17 08:50:43,66623582,219
2017-03-17 09:22:06,67672387,168
2017-03-17 09:48:17,66645649,231
2017-03-17 17:14:53,66420448,204
2017-03-17 17:41:44,66755694,185
2017-03-17 18:01:50,66761292,171
2017-03-17 18:09:38,23221919,72
2017-03-17 18:39:16,66945141,160
2017-03-17 18:52:47,60110180,129
2017-03-17 19:01:10,31016724,70
2017-03-17 19:23:41,66892733,160
2017-03-17 19:40:03,66878377,157
2017-03-18 07:20:23,513413344,1157
2017-03-18 09:21:15,23243364,58
2017-03-18 09:55:13,76566419,172
2017-03-18 10:16:36,66654463,157
2017-03-18 10:39:52,66730750,187
2017-03-18 11:05:39,67731708,156
2017-03-18 11:37:23,66725754,153
2017-03-18 12:00:45,67709411,166
2017-03-18 12:26:12,66712335,156
2017-03-18 12:58:07,66723004,184
2017-03-18 13:21:37,67739049,204
2017-03-18 13:46:51,66723799,194
2017-03-18 14:18:22,66708794,196
2017-03-18 14:41:10,67731119,178
2017-03-18 15:06:47,66689762,166
2017-03-18 15:38:43,66687258,194
2017-03-18 16:01:50,67731692,185
2017-03-18 16:26:54,66704719,181
2017-03-18 16:58:33,66717281,166
2017-03-18 17:21:49,67679944,182
2017-03-18 17:46:45,66727816,165
2017-03-18 18:18:33,67720620,150
2017-03-18 18:41:28,66705922,148
2017-03-18 19:06:20,66728358,152
2017-03-18 19:38:11,67728280,144
2017-03-18 20:01:21,66727248,153
2017-03-18 20:20:14,23191055,54
2017-03-18 20:41:30,23192170,54
2017-03-18 21:07:52,23189150,60
2017-03-18 21:28:35,18987251,47
2017-03-18 21:49:24,18987251,44
2017-03-18 22:10:22,18987251,45
2017-03-19 07:22:41,512778073,1153
2017-03-20 07:14:20,492283236,1181
2017-03-20 07:23:32,18882235,54
2017-03-20 07:45:48,30793796,74
2017-03-20 08:05:52,29763694,87
2017-03-20 08:28:31,74604249,226
2017-03-20 09:00:09,67347024,224
2017-03-20 09:22:26,66299693,168
2017-03-20 09:54:03,67347038,199
2017-03-20 10:19:49,66319826,205
2017-03-20 10:43:01,66316263,200
2017-03-20 11:08:00,67360088,187
2017-03-20 11:40:14,66349961,221
2017-03-20 11:57:26,24533868,84
2017-03-20 12:13:17,67388558,178
2017-03-20 12:46:10,66320916,207
2017-03-20 13:07:56,66369954,180
2017-03-20 13:39:40,67383080,183
2017-03-20 14:02:49,66396723,189
2017-03-20 14:34:33,67436581,228
2017-03-20 15:01:08,66426686,242
2017-03-20 15:24:39,67463770,251
2017-03-20 15:32:24,23635257,65
2017-03-20 15:48:43,66449214,203
2017-03-20 16:21:12,66752679,202
2017-03-20 16:44:11,67788960,237
2017-03-20 17:08:43,66719219,166
2017-03-20 17:43:56,70332363,233
2017-03-20 17:48:27,18930454,56
2017-03-20 17:54:22,19921792,62
2017-03-20 18:16:03,66765115,181
2017-03-20 19:38:37,67960176,184
2017-03-20 21:00:44,67424275,193
2017-03-20 21:39:57,63208367,151
2017-03-20 21:43:47,18919339,47
2017-03-20 22:16:06,60554544,156
2017-03-20 22:45:31,63215959,142
2017-03-20 23:07:10,23086298,58
2017-03-20 23:19:25,23049941,55
2017-03-21 07:38:01,512482233,1425
2017-03-21 07:54:38,30914011,102
2017-03-21 07:58:58,18806785,56
2017-03-21 08:07:04,29840825,84
2017-03-21 08:35:16,73007362,226
2017-03-21 08:44:24,23242537,85
2017-03-21 09:06:50,65446641,203
2017-03-21 09:29:57,64671461,223
2017-03-21 10:01:21,64680688,196
2017-03-21 10:25:12,66232850,232
2017-03-21 10:56:15,66615375,210
2017-03-21 11:24:03,69431882,228
2017-03-21 11:32:47,20764362,74
2017-03-21 11:49:30,68462120,178
2017-03-21 12:22:29,81370383,219
2017-03-21 12:48:23,82374282,184
2017-03-21 13:22:45,81410659,212
2017-03-21 13:45:32,82386443,192
2017-03-21 14:21:49,81431679,222
2017-03-21 14:44:02,82421432,198
2017-03-21 15:11:29,81608362,214
2017-03-21 15:43:56,81776219,228
2017-03-21 16:11:27,82720280,218
2017-03-21 16:46:44,81763851,236
2017-03-21 17:12:00,82764529,265
2017-03-21 17:44:08,81773905,236
2017-03-21 18:17:25,82766590,202
2017-03-21 18:44:25,81781473,243
2017-03-21 19:11:17,82826509,207
2017-03-21 19:45:03,81925814,215
2017-03-21 20:13:30,82814651,227
2017-03-21 20:31:45,24183983,74
2017-03-21 20:52:37,24187540,56
2017-03-21 21:13:32,19914764,55
2017-03-21 21:34:42,19909476,64
2017-03-21 21:55:19,19893650,49
2017-03-22 07:22:58,520867092,1273
2017-03-22 07:31:35,19179530,49
2017-03-22 07:39:04,31159463,78
2017-03-22 08:00:13,30179255,85
2017-03-22 08:27:41,78002324,250
2017-03-22 08:59:29,69642301,213
2017-03-22 09:22:30,68736837,190
2017-03-22 09:49:17,68721812,194
2017-03-22 10:22:04,69729505,203
2017-03-22 10:45:14,69100262,187
2017-03-22 11:15:07,69690898,186
2017-03-22 11:47:45,68761619,221
2017-03-22 12:06:47,69740130,167
2017-03-22 12:36:22,68751647,145
2017-03-22 13:03:03,68767105,194
2017-03-22 13:34:51,69777851,181
2017-03-22 14:01:50,68803265,183
2017-03-22 14:25:58,69792567,201
2017-03-22 14:58:24,68823064,222
2017-03-22 15:23:13,69827642,170
2017-03-22 15:50:00,68824968,180
2017-03-22 16:23:09,69365138,194
2017-03-22 16:46:13,70967481,191
2017-03-22 17:22:11,69993358,174
2017-03-22 17:44:15,71039180,203
2017-03-22 18:09:21,70034267,209
2017-03-22 18:52:03,70115962,185
2017-03-22 18:59:01,26972965,64
2017-03-22 19:24:37,70492293,162
2017-03-22 19:47:59,70522753,164
2017-03-22 20:13:53,64728299,168
2017-03-22 20:32:56,23503548,60
2017-03-22 20:53:49,23477083,58
2017-03-22 21:14:34,19175711,48
2017-03-22 21:35:32,19174435,45
2017-03-22 21:56:24,19174435,43
2017-03-23 07:30:04,521884932,1179
2017-03-23 07:39:47,19207689,44
2017-03-23 07:49:13,31183572,82
2017-03-23 08:27:24,78447436,201
2017-03-23 09:02:51,69358621,176
2017-03-23 09:23:07,70918459,187
2017-03-23 09:49:33,69920844,178
2017-03-23 10:27:34,70922996,191
2017-03-23 11:02:51,69995518,198
2017-03-23 11:27:50,69949925,185
2017-03-23 12:02:38,70971308,184
2017-03-23 12:30:07,69991955,185
2017-03-23 13:02:57,71020766,157
2017-03-23 13:27:44,69976321,180
2017-03-23 14:24:00,73187726,213
2017-03-23 14:26:10,19158438,52
2017-03-23 14:31:34,19166284,54
2017-03-23 14:51:04,63209649,179
2017-03-23 15:47:22,71162569,198
2017-03-23 15:49:58,19165105,63
2017-03-23 16:39:58,70119223,206
2017-03-23 16:50:21,21807759,68
2017-03-23 16:56:35,26946685,75
2017-03-23 17:36:30,70344836,205
2017-03-23 18:03:49,70370212,209
2017-03-23 18:36:07,71424943,181
2017-03-23 19:02:25,70714125,168
2017-03-23 19:30:45,71772282,200
2017-03-23 20:02:48,70865754,204
2017-03-23 20:21:01,23531148,66
2017-03-23 20:42:00,23490134,72
2017-03-23 21:02:42,23478252,63
2017-03-23 21:23:30,19201928,51
2017-03-23 21:44:27,19201928,49
2017-03-24 07:20:54,521026203,1158
2017-03-24 07:30:09,19108657,50
2017-03-24 07:37:35,31193703,85
2017-03-24 07:59:13,30192183,120
2017-03-24 08:28:32,78216715,263
2017-03-24 08:59:37,69599482,198
2017-03-24 09:24:18,67844777,199
2017-03-24 09:50:13,68856250,191
2017-03-24 10:22:45,67868733,198
2017-03-24 10:49:29,67883327,223
2017-03-24 11:23:04,68868669,211
2017-03-24 11:47:40,67889349,202
2017-03-24 12:20:42,68881634,155
2017-03-24 12:44:01,67886779,166
2017-03-24 13:11:01,68907247,167
2017-03-24 13:42:59,67928420,214
2017-03-24 14:10:26,68972944,190
2017-03-24 14:42:07,67953291,177
2017-03-24 15:09:35,68944284,173
2017-03-24 15:31:20,27281410,104
2017-03-24 15:47:09,63714020,164
2017-03-24 16:23:34,66438593,184
2017-03-24 16:31:32,25827287,76
2017-03-24 16:42:45,30102740,99
2017-03-24 17:12:12,69798098,207
2017-03-24 17:44:48,68786060,177
2017-03-24 18:10:18,68743326,152
2017-03-24 18:44:59,69886644,182
2017-03-24 19:14:29,68903808,163
2017-03-24 19:46:11,69917958,184
2017-03-24 20:15:26,68928095,189
2017-03-24 20:33:44,23330786,61
2017-03-24 20:54:49,23326877,66
2017-03-24 21:15:40,23324732,61
2017-03-24 21:36:47,19054950,71
2017-03-24 21:57:35,19062447,64
2017-03-25 07:19:47,518211610,1082
2017-03-25 07:28:15,18962358,44
2017-03-25 07:35:50,31063716,82
2017-03-25 07:56:30,30052143,65
2017-03-25 08:32:34,75972882,226
2017-03-25 08:55:21,68684756,136
2017-03-25 09:20:17,67653618,136
2017-03-25 09:51:27,67646011,145
2017-03-25 10:20:43,68669040,153
2017-03-25 10:43:15,67674701,144
2017-03-25 11:15:47,68684753,149
2017-03-25 11:40:20,67664097,155
2017-03-25 12:08:11,68674211,157
2017-03-25 12:40:25,67650126,163
2017-03-25 13:07:32,68683978,168
2017-03-25 13:40:19,67651436,152
2017-03-25 14:08:07,68671518,158
2017-03-25 14:40:41,67648408,177
2017-03-25 15:12:29,68672976,176
2017-03-25 15:43:50,67662523,170
2017-03-25 16:08:55,67652803,172
2017-03-25 16:43:33,68683096,183
2017-03-25 17:08:03,67646009,144
2017-03-25 17:43:52,68633056,158
2017-03-25 18:08:13,67674056,140
2017-03-25 18:42:41,68670972,145
2017-03-25 19:07:50,67648253,155
2017-03-25 19:42:39,68632962,136
2017-03-25 20:06:37,67623610,156
2017-03-25 20:30:53,23205953,55
2017-03-25 20:51:37,23208972,52
2017-03-25 21:12:18,18959764,42
2017-03-25 21:33:30,18959207,52
2017-03-25 21:54:16,18959207,45
2017-03-26 07:20:29,516902550,1063
2017-03-27 07:29:11,497142317,1232
2017-03-27 07:38:47,18867505,62
2017-03-27 07:46:06,30863111,84
2017-03-27 08:23:35,74808672,239
2017-03-27 08:46:36,67110872,174
2017-03-27 09:22:36,68221634,171
2017-03-27 09:44:49,67181443,184
2017-03-27 10:23:04,68358839,208
2017-03-27 10:42:02,62097738,168
2017-03-27 10:46:55,18909449,45
2017-03-27 11:14:58,84321768,225
2017-03-27 11:41:57,98785813,280
2017-03-27 12:13:01,99784525,216
2017-03-27 12:40:31,98822553,217
2017-03-27 13:13:56,99791035,233
2017-03-27 13:40:57,98857464,247
2017-03-27 14:10:17,99810648,253
2017-03-27 14:42:23,98860085,255
2017-03-27 15:10:03,99951557,260
2017-03-27 15:42:57,99013170,277
2017-03-27 16:13:29,115856470,361
2017-03-27 16:48:13,118144223,354
2017-03-27 17:18:50,119158517,330
2017-03-27 17:34:48,27063173,93
2017-03-27 18:00:40,118375707,436
2017-03-27 18:29:46,118348672,403
2017-03-27 18:54:28,119398307,324
2017-03-27 19:17:04,103628169,266
2017-03-27 19:36:45,91536727,229
2017-03-27 19:56:47,91581676,239
2017-03-27 20:15:11,32482931,89
2017-03-27 20:35:51,24616151,63
2017-03-27 20:57:00,24575957,64
2017-03-27 21:17:58,20410715,55
2017-03-27 21:39:00,20408247,62
2017-03-27 21:59:46,20406184,54
2017-03-28 07:31:29,521553745,1273
2017-03-28 07:40:56,20504684,66
2017-03-28 07:49:07,32454394,81
2017-03-28 08:26:10,99327219,297
2017-03-28 08:53:44,91118320,282
2017-03-28 09:26:34,92113766,296
2017-03-28 09:49:21,91117423,250
2017-03-28 10:26:21,91706390,300
2017-03-28 10:49:26,84159913,298
2017-03-28 11:09:17,33918970,96
2017-03-28 11:25:19,69594471,189
2017-03-28 12:07:25,80714403,1189
2017-03-28 12:26:58,81812021,209
2017-03-28 12:59:11,80891751,188
2017-03-28 13:28:04,81858092,201
2017-03-28 14:00:23,80892195,232
2017-03-28 14:29:15,81866039,283
2017-03-28 15:02:23,80937019,228
2017-03-28 15:29:00,82076921,228
2017-03-28 16:06:48,81146806,282
2017-03-28 16:27:53,77870970,194
2017-03-28 17:00:49,81405534,244
2017-03-28 17:11:25,24195968,68
2017-03-28 17:35:16,82377272,221
2017-03-28 18:05:18,81903355,218
2017-03-28 18:33:45,82890419,234
2017-03-28 19:04:09,74855949,167
2017-03-28 19:31:06,74899331,167
2017-03-28 20:04:33,76083905,236
2017-03-28 20:22:03,23629862,59
2017-03-28 20:43:13,23652782,62
2017-03-28 21:04:14,23601426,69
2017-03-28 21:24:45,19343785,52
2017-03-28 21:45:47,19325715,48
2017-03-29 07:30:24,505324910,1208
2017-03-29 07:41:13,19483704,52
2017-03-29 07:49:34,31374114,85
2017-03-29 08:24:43,82733564,225
2017-03-29 08:52:00,73993585,231
2017-03-29 09:23:46,74868748,201
2017-03-29 09:47:08,73926348,206
2017-03-29 10:24:22,75185178,204
2017-03-29 10:31:26,25890118,68
2017-03-29 10:51:19,71098108,202
2017-03-29 11:25:28,77812536,198
2017-03-29 11:50:06,73680993,194
2017-03-29 12:26:01,74713365,190
2017-03-29 12:50:25,73788657,183
2017-03-29 13:26:20,74783078,185
2017-03-29 13:51:10,73754558,188
2017-03-29 14:28:03,74817342,277
2017-03-29 14:51:53,73923742,247
2017-03-29 15:28:01,75461357,206
2017-03-29 15:51:47,74491958,193
2017-03-29 16:24:40,75488321,221
2017-03-29 16:57:09,74560886,233
2017-03-29 17:25:07,75835604,227
2017-03-29 17:52:10,74863879,226
2017-03-29 18:25:18,76347586,204
2017-03-29 18:52:06,75377739,177
2017-03-29 19:25:22,76448050,185
2017-03-29 19:52:43,75505249,185
2017-03-29 20:11:04,23665613,59
2017-03-29 20:32:17,23700120,61
2017-03-29 20:53:15,23675411,60
2017-03-29 21:14:09,23671307,59
2017-03-29 21:34:53,19364563,48
2017-03-29 21:55:57,19355457,50
2017-03-30 07:29:40,507078067,1196
2017-03-30 07:39:20,19416566,55
2017-03-30 07:46:52,31401675,74
2017-03-30 08:26:45,82928685,296
2017-03-30 09:03:28,73928391,250
2017-03-30 09:27:32,75259584,306
2017-03-30 10:03:28,74246680,262
2017-03-30 10:23:40,68990588,245
2017-03-30 10:52:10,74789541,315
2017-03-30 11:25:00,74945575,296
2017-03-30 11:50:53,75955716,309
2017-03-30 12:23:40,74962128,260
2017-03-30 12:49:36,75989474,213
2017-03-30 13:23:56,74964532,263
2017-03-30 13:50:17,75942371,253
2017-03-30 14:23:22,75018605,252
2017-03-30 14:51:23,76046490,286
2017-03-30 15:24:14,75023406,265
2017-03-30 15:55:42,76084316,238
2017-03-30 16:28:06,75634549,252
2017-03-30 16:50:59,76715790,222
2017-03-30 16:56:31,21697927,60
2017-03-30 17:24:07,75856243,226
2017-03-30 17:57:03,76905663,299
2017-03-30 18:24:45,76443683,176
2017-03-30 18:58:50,77520853,279
2017-03-30 19:26:01,76532559,217
2017-03-30 19:58:14,77687903,180
2017-03-30 20:15:49,30638000,76
2017-03-30 20:35:40,23778540,55
2017-03-30 20:57:08,23776321,65
2017-03-30 21:17:54,19425553,47
2017-03-30 21:38:46,19404280,46
2017-03-30 21:59:57,19402922,53
2017-03-31 07:31:11,528173453,1225
2017-03-31 07:40:59,19472904,58
2017-03-31 07:49:13,31611511,75
2017-03-31 08:26:20,84355324,282
2017-03-31 08:57:47,74899046,213
2017-03-31 09:28:43,75984242,189
2017-03-31 09:59:51,74931040,198
2017-03-31 10:31:48,75987902,218
2017-03-31 11:00:14,74989953,227
2017-03-31 11:27:11,76008438,227
2017-03-31 12:00:47,74786067,225
2017-03-31 12:34:27,74865741,199
2017-03-31 13:01:27,75892785,229
2017-03-31 13:29:07,74913745,187
2017-03-31 14:03:13,75936987,269
2017-03-31 14:29:57,74892742,232
2017-03-31 14:45:49,33780970,123
2017-03-31 15:03:29,63903811,174
2017-03-31 15:31:30,75105724,230
2017-03-31 16:07:34,76162320,258
2017-03-31 16:28:51,70803659,187
2017-03-31 17:01:20,76215429,195
2017-03-31 17:35:16,77209406,238
2017-03-31 17:39:54,21645936,93
2017-03-31 17:45:11,19419507,57
2017-03-31 17:57:04,30609913,80
2017-03-31 18:32:13,76458148,200
2017-03-31 19:03:38,75452761,187
2017-03-31 19:29:44,77151032,192
2017-03-31 20:06:25,79466038,214
2017-03-31 20:09:53,19509837,49
2017-03-31 20:18:08,30639529,72
2017-03-31 20:38:37,23808433,57
2017-03-31 20:59:41,23830799,57
2017-03-31 21:20:27,19494352,49
2017-03-31 21:32:01,28456166,77
2017-03-31 21:41:34,19507676,55
2017-03-31 21:56:39,21835957,57
2017-03-31 22:02:37,19470722,52
2017-03-31 22:13:29,24899162,67
2017-04-01 07:46:59,549160135,1320
2017-04-01 07:55:28,21032189,49
2017-04-01 08:04:44,33116500,78
2017-04-01 08:16:54,27757294,70
2017-04-01 08:51:02,81587340,187
2017-04-01 09:21:56,73085420,171
2017-04-01 09:43:18,72044623,169
2017-04-01 10:09:59,72049601,172
2017-04-01 10:41:51,73020109,160
2017-04-01 11:03:12,72050379,164
2017-04-01 11:28:57,73073249,178
2017-04-01 12:01:57,72050344,178
2017-04-01 12:24:53,73046223,186
2017-04-01 12:49:49,72039892,161
2017-04-01 13:21:10,72059554,165
2017-04-01 13:43:49,73077166,166
2017-04-01 14:15:10,72049295,185
2017-04-01 14:38:58,73079709,170
2017-04-01 15:03:49,72012025,178
2017-04-01 15:29:13,72047412,171
2017-04-01 16:00:18,73069574,165
2017-04-01 16:24:29,72060742,176
2017-04-01 16:49:44,73076723,161
2017-04-01 17:20:12,72055750,175
2017-04-01 17:43:50,72059321,160
2017-04-01 18:10:01,73042243,162
2017-04-01 18:41:29,72054490,176
2017-04-01 19:03:55,73045378,171
2017-04-01 19:28:59,72044076,159
2017-04-01 20:01:39,72058023,154
2017-04-01 20:19:37,33106711,67
2017-04-01 20:39:12,25249674,56
2017-04-01 20:59:04,25255777,52
2017-04-01 21:18:46,20923146,48
2017-04-01 21:39:41,20923146,48
2017-04-01 22:00:40,20923146,49
2017-04-02 07:46:36,529684024,1102
2017-04-03 07:51:15,522799704,1556
2017-04-03 08:01:27,20546541,66
2017-04-03 08:16:06,32672376,116
2017-04-03 08:26:17,24754379,80
2017-04-03 09:02:28,77130399,259
2017-04-03 09:48:17,69514247,214
2017-04-03 10:30:32,68675164,246
2017-04-03 10:54:45,70367632,215
2017-04-03 11:02:29,22183727,84
2017-04-03 11:25:41,69831361,222
2017-04-03 11:32:53,22266460,63
2017-04-03 11:55:58,69763018,214
2017-04-03 12:26:41,70992271,162
2017-04-03 12:58:35,69871280,168
2017-04-03 13:28:06,70948089,181
2017-04-03 14:00:48,69888969,175
2017-04-03 14:29:01,71014132,214
2017-04-03 15:01:16,69897896,204
2017-04-03 15:28:24,70360793,195
2017-04-03 15:58:09,71557448,197
2017-04-03 16:31:47,70468349,237
2017-04-03 16:58:52,71606609,241
2017-04-03 17:27:08,69223939,227
2017-04-03 17:59:39,70883272,228
2017-04-03 18:25:54,70048378,167
2017-04-03 18:57:20,71501625,189
2017-04-03 19:22:46,69668720,159
2017-04-03 19:47:06,69676926,162
2017-04-03 20:09:54,32758941,78
2017-04-03 20:30:22,24961788,53
2017-04-03 20:51:23,24932771,60
2017-04-03 21:12:29,24907735,58
2017-04-03 21:33:10,20688698,50
2017-04-03 21:54:15,20689547,51
2017-04-04 07:43:35,515876274,1312
2017-04-04 07:53:21,20777042,61
2017-04-04 08:00:56,32595346,90
2017-04-04 08:13:26,31566087,97
2017-04-04 08:48:47,78399591,254
2017-04-04 09:23:29,70192688,182
2017-04-04 09:44:52,69721219,204
2017-04-04 10:20:30,71323455,232
2017-04-04 10:44:10,70298041,232
2017-04-04 11:10:19,70296133,216
2017-04-04 11:40:39,71330836,177
2017-04-04 12:04:45,70311228,166
2017-04-04 12:40:24,71404779,168
2017-04-04 13:02:01,70383304,150
2017-04-04 13:29:36,71437550,155
2017-04-04 14:02:28,70403923,241
2017-04-04 14:27:41,71441688,198
2017-04-04 15:04:47,70396980,217
2017-04-04 15:35:10,71416225,213
2017-04-04 16:09:01,70455445,226
2017-04-04 16:34:20,73710352,214
2017-04-04 16:39:26,25001572,69
2017-04-04 17:03:40,71660262,229
2017-04-04 17:35:21,70650781,202
2017-04-04 17:59:59,72234083,192
2017-04-04 18:29:58,70700210,173
2017-04-04 18:34:59,25057297,70
2017-04-04 19:00:20,72335733,192
2017-04-04 19:28:42,69470494,165
2017-04-04 20:01:11,70400682,203
2017-04-04 20:20:21,31593142,86
2017-04-04 20:41:02,24885985,60
2017-04-04 21:02:47,24867398,57
2017-04-04 21:23:39,20640036,50
2017-04-04 21:44:45,20632371,55
2017-04-05 07:43:35,512216380,1353
2017-04-05 07:52:32,20281381,50
2017-04-05 08:00:25,32115419,99
2017-04-05 08:13:42,31087300,95
2017-04-05 08:47:46,71655278,212
2017-04-05 09:21:26,62899287,172
2017-04-05 09:42:39,62355125,185
2017-04-05 09:49:49,23957189,81
2017-04-05 10:11:27,63414173,193
2017-04-05 10:44:55,62434043,186
2017-04-05 11:05:05,62448527,177
2017-04-05 11:37:05,63425097,197
2017-04-05 11:58:48,62458011,157
2017-04-05 12:30:17,63505459,141
2017-04-05 12:58:11,62484718,166
2017-04-05 13:25:47,63543845,161
2017-04-05 13:57:59,62494950,160
2017-04-05 14:24:50,62517023,212
2017-04-05 14:49:21,59290378,173
2017-04-05 15:17:30,66438529,203
2017-04-05 15:33:33,54412358,182
2017-04-05 15:48:24,56620755,162
2017-04-05 16:19:23,66481902,195
2017-04-05 16:43:27,66495882,234
2017-04-05 17:15:12,67558009,200
2017-04-05 17:41:37,66570311,246
2017-04-05 17:55:02,24453307,98
2017-04-05 18:18:55,67614000,282
2017-04-05 18:44:53,66644878,291
2017-04-05 19:10:16,66669800,156
2017-04-05 19:39:09,67723577,189
2017-04-05 20:03:58,66703388,187
2017-04-05 20:22:24,24731677,62
2017-04-05 20:43:20,24706144,58
2017-04-05 21:04:21,24699989,62
2017-04-05 21:25:01,20470355,49
2017-04-05 21:45:59,20468241,46
2017-04-06 07:45:28,514020743,1398
2017-04-06 07:54:48,24506134,76
2017-04-06 08:09:25,41730052,133
2017-04-06 08:19:07,31083013,98
2017-04-06 08:45:20,62020643,184
2017-04-06 09:22:00,61986174,178
2017-04-06 09:42:30,62959176,161
2017-04-06 10:10:44,61965005,160
2017-04-06 10:41:58,63046570,170
2017-04-06 11:03:38,62050922,168
2017-04-06 11:30:15,62043592,162
2017-04-06 12:03:20,63145422,165
2017-04-06 12:36:15,62106144,155
2017-04-06 13:01:21,63165295,138
2017-04-06 13:33:13,62105795,143
2017-04-06 13:58:53,63119457,157
2017-04-06 14:26:26,62072562,186
2017-04-06 14:57:04,62127563,144
2017-04-06 15:24:07,63220519,143
2017-04-06 15:45:38,57866101,158
2017-04-06 15:56:33,24458984,71
2017-04-06 16:22:38,63206551,207
2017-04-06 16:45:59,57918936,194
2017-04-06 17:19:51,62174155,186
2017-04-06 17:43:32,63257733,163
2017-04-06 18:12:20,62230711,199
2017-04-06 18:39:02,63329889,164
2017-04-06 18:47:47,24207214,68
2017-04-06 19:10:39,62298428,158
2017-04-06 19:36:17,62332247,146
2017-04-06 19:58:21,63308380,155
2017-04-06 20:18:11,24476580,64
2017-04-06 20:39:06,24469686,64
2017-04-06 21:00:21,24451506,86
2017-04-06 21:21:05,20184293,63
2017-04-06 21:41:59,20185722,61
2017-04-06 22:03:12,20185461,55
2017-04-07 07:50:50,537216188,1458
2017-04-07 08:01:00,20299773,67
2017-04-07 08:12:40,32252578,98
2017-04-07 08:24:25,31210459,106
2017-04-07 09:09:03,71460560,210
2017-04-07 09:14:27,24542573,74
2017-04-07 09:48:06,63410629,192
2017-04-07 10:07:53,62318450,181
2017-04-07 10:36:58,63329976,190
2017-04-07 11:00:59,62357223,166
2017-04-07 11:32:25,62358490,173
2017-04-07 12:00:54,63369774,166
2017-04-07 12:32:36,62414347,164
2017-04-07 12:59:48,63429515,176
2017-04-07 13:25:27,62384553,189
2017-04-07 13:57:33,63454492,213
2017-04-07 14:24:54,62381750,202
2017-04-07 14:48:10,62394507,212
2017-04-07 15:21:23,63433040,194
2017-04-07 15:43:47,62410457,170
2017-04-07 16:12:54,63394418,197
2017-04-07 16:44:44,62404812,183
2017-04-07 17:08:46,63441174,187
2017-04-07 17:44:34,62352527,193
2017-04-07 18:04:30,63494998,179
2017-04-07 18:45:08,62496738,1075
2017-04-07 19:14:32,62485939,905
2017-04-07 19:50:12,63537525,1170
2017-04-07 20:20:02,62452288,865
2017-04-07 20:36:38,24535516,476
2017-04-07 20:56:36,24535700,399
2017-04-07 21:17:25,20280903,395
2017-04-07 21:36:44,20277952,297
2017-04-07 21:59:24,20284259,393
2017-04-08 09:34:42,516968300,7712
2017-04-08 09:58:58,57318630,636
2017-04-08 10:37:02,62359054,1312
2017-04-08 11:11:17,55665259,1490
2017-04-08 11:53:07,62351881,1491
2017-04-08 12:35:56,56745121,1436
2017-04-08 13:14:03,62349137,1451
2017-04-08 14:14:09,62365831,1289
2017-04-08 14:48:30,58138775,1236
2017-04-08 15:26:32,63422160,1219
2017-04-08 15:43:38,26896549,561
2017-04-08 15:49:35,20203224,333
2017-04-08 16:34:53,63366171,1114
2017-04-08 16:54:46,58112282,531
2017-04-08 17:16:09,62362447,428
2017-04-08 17:34:49,56714732,450
2017-04-08 17:59:15,62361879,639
2017-04-08 18:31:40,63384509,863
2017-04-08 19:13:18,62375325,841
2017-04-08 19:26:22,24460174,372
2017-04-08 19:32:29,20202786,325
2017-04-08 20:17:03,62379801,1031
2017-04-08 20:46:06,62341373,1056
2017-04-08 21:15:19,62367018,967
2017-04-08 21:51:30,63424878,1282
2017-04-08 22:23:49,58110959,1174
2017-04-08 22:36:49,24435982,411
2017-04-08 22:45:12,20203982,418
2017-04-08 22:58:46,24435982,478
2017-04-08 23:06:35,20203982,366
2017-04-08 23:18:47,20203982,404
2017-04-09 10:01:04,536389338,9463
2017-04-10 12:38:02,516982782,9620
2017-04-10 12:54:49,21670783,517
2017-04-10 13:08:28,27034140,527
2017-04-10 13:51:30,62486277,639
2017-04-10 14:42:18,62446682,1204
2017-04-10 15:23:35,59274990,1203
2017-04-10 15:30:29,20226369,354
2017-04-10 15:51:18,31217559,735
2017-04-10 16:15:12,62577864,607
2017-04-10 16:25:36,23231896,210
2017-04-10 16:52:19,63628300,453
2017-04-10 17:36:59,67632528,1362
2017-04-10 18:07:43,67671134,926
2017-04-10 19:13:13,68844157,1645
2017-04-10 19:33:25,28822435,547
2017-04-10 19:43:26,22113648,437
2017-04-10 19:52:25,20553066,512
2017-04-10 20:30:39,69094540,1362
2017-04-10 21:12:35,70087552,1537
2017-04-10 21:46:17,62343132,1333
2017-04-10 22:37:12,70102550,1816
2017-04-10 22:53:35,24886269,593
2017-04-10 23:14:50,31597023,641
2017-04-10 23:47:23,63335254,1178
2017-04-11 00:22:35,69000783,1317
2017-04-11 00:57:09,68960513,1292
2017-04-11 01:42:12,60891264,1240
2017-04-11 02:19:51,68611064,1354
2017-04-11 02:49:00,63377291,1081
2017-04-11 03:08:55,45607317,762
2017-04-11 03:24:27,32446992,518
2017-04-11 03:53:30,67604370,1021
2017-04-11 04:34:21,67625756,998
2017-04-11 04:48:33,32472564,435
2017-04-11 05:09:33,56682064,791
2017-04-11 05:16:06,20560791,289
2017-04-11 05:26:53,24762539,360
2017-04-11 05:32:25,20548202,289
2017-04-11 17:35:19,385142893,1992
2017-04-11 18:01:56,73255649,175
2017-04-11 18:05:36,20913354,50
2017-04-11 18:11:25,20913354,61
2017-04-11 18:16:44,20913354,52
2017-04-11 18:22:06,20913354,55
2017-04-11 18:33:09,20915550,64
2017-04-11 18:38:28,20915550,49
2017-04-11 19:08:26,74646331,159
2017-04-11 19:11:42,21120133,50
2017-04-11 19:37:57,74714741,174
2017-04-11 20:12:22,73768090,196
2017-04-11 20:30:47,31966182,77
2017-04-11 20:51:07,25215729,54
2017-04-11 21:12:09,25217710,59
2017-04-11 21:32:48,20970731,48
2017-04-11 21:53:48,20961011,48
2017-04-12 08:04:15,523277273,1286
2017-04-12 08:13:33,20772791,75
2017-04-12 08:23:25,32618194,103
2017-04-12 08:34:10,31588641,94
2017-04-12 09:21:15,83381776,280
2017-04-12 09:26:55,23899490,88
2017-04-12 09:37:10,31579545,74
2017-04-12 09:42:42,20608458,62
2017-04-12 11:12:08,69092725,1657
2017-04-12 12:03:41,69204282,881
2017-04-12 12:38:13,68435317,1143
2017-04-12 13:05:20,69453775,733
2017-04-12 13:37:09,68409992,617
2017-04-12 14:05:26,65298201,885
2017-04-12 14:33:46,68522041,683
2017-04-12 14:58:41,68565051,496
2017-04-12 15:37:41,69604387,1097
2017-04-12 16:11:35,68677271,1149
2017-04-12 17:00:52,75793276,1272
2017-04-12 17:13:07,27369936,318
2017-04-12 17:45:23,62109037,994
2017-04-12 18:37:30,69872546,1439
2017-04-12 18:59:51,31720945,646
2017-04-12 19:13:26,20695316,406
2017-04-12 19:52:39,75419101,1343
2017-04-12 20:35:24,75440794,1341
2017-04-12 21:30:25,76449817,1565
2017-04-12 22:56:27,76468943,2365
2017-04-12 23:08:52,21095432,541
2017-04-12 23:18:57,25300161,499
2017-04-12 23:25:41,21057838,363
2017-04-17 13:10:51,522519252,5573
2017-04-17 14:16:33,70216604,676
2017-04-17 14:56:11,70207179,601
2017-04-17 15:20:33,69120333,405
2017-04-17 15:31:25,31795134,164
2017-04-17 15:57:20,69242590,513
2017-04-17 16:02:27,20674158,171
2017-04-17 16:30:47,69275928,581
2017-04-17 16:54:25,69385202,420
2017-04-17 17:34:21,70532162,758
2017-04-17 18:01:41,66250841,822
2017-04-17 18:39:24,69552906,941
2017-04-17 19:16:12,70137531,1321
2017-04-17 19:27:26,24565361,282
2017-04-17 19:33:34,20702164,339
2017-04-17 19:57:14,65836549,661
2017-04-17 20:36:34,71257874,1253
2017-04-17 21:26:34,71261453,1319
2017-04-17 21:39:33,25025452,479
2017-04-17 21:47:40,20709753,376
2017-04-17 21:53:56,20706121,294
2017-04-17 22:02:57,20703703,457
2017-04-18 09:50:23,522762198,7548
2017-04-18 10:07:48,32698551,516
2017-04-18 10:59:46,69644758,1933
2017-04-18 12:40:22,81594532,950
2017-04-18 12:45:16,20824126,187
2017-04-18 13:34:21,73357170,1184
2017-04-18 14:44:14,72400776,626
2017-04-18 14:49:22,20834577,223
2017-04-18 16:31:32,73515376,799
2017-04-18 16:42:34,20841196,133
2017-04-18 16:48:07,20841196,124
2017-04-18 16:59:56,20841196,129
2017-04-18 17:05:52,20841196,151
2017-04-18 17:11:50,20841196,150
2017-04-18 17:35:53,28718089,315
2017-04-18 18:16:28,70326989,1037
2017-04-18 19:02:25,77176668,1207
2017-04-18 19:44:06,78293575,1360
2017-04-18 20:22:10,72929158,1384
2017-04-18 21:04:00,77193708,1628
2017-04-18 21:36:37,71524555,1285
2017-04-18 21:47:58,25480733,466
2017-04-18 21:58:30,25453666,442
2017-04-18 22:06:36,21144527,371
2017-04-19 15:53:26,531303520,5256
2017-04-19 16:00:51,21616471,230
2017-04-19 16:36:05,77600501,684
2017-04-19 17:02:12,77388004,636
2017-04-19 17:21:48,33328913,595
2017-04-19 17:30:47,21153613,481
2017-04-19 18:56:58,73497284,2174
2017-04-19 20:03:34,74374881,2863
2017-04-20 11:49:41,363240535,6459
2017-04-20 12:27:56,10056861,87
2017-04-20 13:11:36,64637978,1158
2017-04-20 13:51:25,54587681,1310
2017-04-20 14:35:13,55658358,708
2017-04-20 15:20:03,55238222,494
2017-04-20 16:04:10,56280433,546
2017-04-20 16:54:02,56233692,816
2017-04-20 17:30:26,55891191,361
2017-04-20 18:31:42,56858178,886
2017-04-20 19:15:44,57015802,949
2017-04-20 21:00:01,57105879,1777
2017-04-21 07:56:34,467116831,883
2017-04-21 08:06:02,20376949,51
2017-04-21 08:13:35,32395878,71
2017-04-21 10:00:58,76458529,1298
2017-04-21 13:06:47,68256065,1223
2017-04-21 13:50:30,68217074,996
2017-04-21 14:42:12,68257608,995
2017-04-21 15:34:28,67276137,1393
2017-04-21 16:19:28,68263379,1325
2017-04-21 17:04:12,67289543,1036
2017-04-21 17:40:00,68258819,444
2017-04-21 18:41:39,68266703,1187
2017-04-21 21:16:57,68265642,2010
2017-04-21 21:35:04,24555191,654
2017-04-22 09:41:51,460311897,6551
2017-04-22 10:19:02,74530325,529
2017-04-22 10:41:33,66147128,446
2017-04-22 11:04:24,66153725,438
2017-04-22 11:55:12,65084252,563
2017-04-22 12:39:44,66152021,466
2017-04-22 13:32:45,66132898,799
2017-04-22 14:27:52,66153955,1008
2017-04-22 15:03:04,65090187,365
2017-04-22 16:05:19,66148094,1162
2017-04-22 16:49:00,66265813,959
2017-04-22 18:33:33,66296324,1383
2017-04-22 20:54:34,66266958,1682
2017-04-22 21:59:45,24151250,669
2017-04-24 10:39:43,513500755,6365
2017-04-24 15:26:44,351267944,4221
2017-04-24 16:08:17,61351724,609
2017-04-24 16:48:02,66686660,753
2017-04-24 16:54:36,21189571,195
2017-04-24 17:45:49,65924422,747
2017-04-24 18:37:19,66819033,1322
2017-04-24 19:28:26,65757906,1876
2017-04-24 19:48:59,23994013,823
2017-04-24 20:24:10,67212691,1230
2017-04-24 21:04:24,24414525,777
2017-04-24 21:39:43,20160787,561
2017-04-25 09:05:01,523087533,1561
2017-04-25 09:24:20,20123144,902
2017-04-25 12:26:43,78081495,2236
2017-04-25 14:25:54,66972227,607
2017-04-25 14:52:44,66024846,504
2017-04-25 15:23:07,67161332,531
2017-04-25 16:23:09,66901488,761
2017-04-25 17:14:06,68457402,1097
2017-04-25 18:00:31,68929662,928
2017-04-25 19:12:00,107269852,2398
2017-04-25 20:26:24,23115863,504
2017-04-25 21:47:34,69221039,1662
2017-04-25 22:03:25,24671803,701
2017-04-26 13:22:37,530128362,6318
2017-04-26 13:54:35,32640726,352
2017-04-26 14:26:40,67731436,723
2017-04-26 15:30:43,68520976,423
2017-04-26 16:31:40,72149906,680
2017-04-26 18:32:10,70626025,874
2017-04-26 18:44:11,22981557,301
2017-04-26 19:20:25,69057264,932
2017-04-26 20:18:07,70603300,1101
2017-04-26 20:51:58,24885251,393
2017-04-26 21:29:06,20656206,432
2017-04-27 13:03:06,531296353,6886
2017-04-27 13:14:51,26749347,203
2017-04-27 13:52:06,69565462,443
2017-04-27 14:38:59,68546638,695
2017-04-27 14:49:54,31606717,215
2017-04-27 15:36:43,65696080,492
2017-04-27 16:21:04,65709003,486
2017-04-27 16:33:41,24778334,175
2017-04-27 17:19:49,64970116,873
2017-04-27 17:59:59,66337385,742
2017-04-27 18:14:03,27735881,312
2017-04-27 19:09:47,70834914,975
2017-04-27 19:57:37,72385331,941
2017-04-27 20:09:25,20960667,287
2017-04-27 20:49:09,20920791,287
2017-04-27 21:26:37,20871650,335
2017-04-27 22:08:34,20898749,354
2017-04-28 14:53:48,556793254,4456
2017-04-28 15:14:28,20829226,213
2017-04-28 17:55:13,83022597,1146
2017-04-28 18:41:09,74692619,1087
2017-04-28 18:52:51,20892229,287
2017-04-28 19:51:22,78738679,1289
2017-04-28 20:33:35,74150754,1323
2017-04-28 20:59:50,25157238,480
2017-04-28 21:38:41,20909666,368
2017-04-29 12:51:36,556571575,7810
2017-04-29 13:22:43,66235947,549
2017-04-29 13:28:58,25694605,177
2017-04-29 14:04:52,64975241,332
2017-04-29 14:55:32,74067200,559
2017-04-29 15:44:15,73067000,649
2017-04-29 16:40:02,74120865,790
2017-04-29 17:38:06,74080962,991
2017-04-29 18:35:07,76862869,1414
2017-04-29 19:28:38,74028917,1528
2017-04-29 21:00:15,74116054,1745
2017-04-29 21:20:07,25080264,517
2017-04-29 21:58:50,20834999,397
2017-04-30 07:43:16,559221695,8679
2017-05-01 13:35:50,514516303,5069
2017-05-01 13:57:25,53897511,393
2017-05-01 14:17:31,49690159,336
2017-05-01 14:50:38,52793444,374
2017-05-01 14:53:37,19442630,122
2017-05-01 15:14:18,53876651,383
2017-05-01 15:55:52,52771709,509
2017-05-01 16:39:22,53903743,272
2017-05-01 17:37:10,53829985,644
2017-05-01 18:21:36,53847050,776
2017-05-01 19:10:44,52746318,921
2017-05-01 20:02:12,53903112,1203
2017-05-01 20:43:42,30456435,857
2017-05-01 21:59:08,23660424,525
2017-05-02 07:12:20,533310787,7442
2017-05-02 07:26:22,19542897,372
2017-05-02 08:13:47,31681350,751
2017-05-02 10:36:29,65939256,1610
2017-05-02 11:05:56,51205315,1046
2017-05-02 11:43:16,56074526,455
2017-05-02 12:38:21,59448597,1018
2017-05-02 13:20:01,60373036,645
2017-05-02 14:04:03,61505272,546
2017-05-02 14:45:43,61502603,431
2017-05-02 15:33:15,60442789,664
2017-05-02 16:19:10,61613606,436
2017-05-02 17:49:59,61680500,638
2017-05-02 18:35:52,60569042,755
2017-05-02 18:59:32,25819344,324
2017-05-02 19:29:29,61688909,808
2017-05-02 20:14:20,67385547,967
2017-05-02 20:47:44,24800180,422
2017-05-02 21:26:26,20601361,404
2017-05-02 22:07:53,20626716,428
2017-05-03 07:30:04,529502896,8253
2017-05-03 07:45:02,20589076,415
2017-05-03 08:47:55,76070642,1679
2017-05-03 09:03:32,22151842,509
2017-05-03 11:10:07,68597804,1214
2017-05-03 12:29:40,67371668,665
2017-05-03 13:15:44,67368155,781
2017-05-03 14:43:41,67453874,616
2017-05-03 14:54:31,27875534,242
2017-05-03 15:25:21,62508795,403
2017-05-03 15:36:09,22387312,231
2017-05-03 16:00:42,37732772,337
2017-05-03 16:23:42,56927403,651
2017-05-03 17:10:51,66888592,944
2017-05-03 18:45:01,68056768,1306
2017-05-03 19:24:19,68161151,1539
2017-05-03 20:58:22,68322234,1800
2017-05-03 21:21:23,24811046,750
2017-05-03 21:59:16,20570070,560
2017-05-04 07:03:30,552477355,6594
2017-05-04 07:17:17,20890320,383
2017-05-04 10:26:34,77277286,995
2017-05-04 10:37:11,27232833,232
2017-05-04 11:01:46,68350979,509
2017-05-04 11:29:05,68338928,635
2017-05-04 13:19:11,68409128,1294
2017-05-04 13:53:57,68392677,986
2017-05-04 14:37:38,67407898,825
2017-05-04 15:29:14,68416015,847
2017-05-04 16:17:15,69680733,851
2017-05-04 17:04:16,76511202,719
2017-05-04 18:36:10,76669706,2206
2017-05-04 20:13:25,79381687,2073
2017-05-04 21:12:59,26470466,699
2017-05-05 06:57:56,562337803,6124
2017-05-05 07:13:37,21369777,285
2017-05-05 09:38:44,85321964,1108
2017-05-05 10:25:01,76413545,1167
2017-05-05 14:19:06,76567238,1074
2017-05-05 15:00:06,75536054,800
2017-05-05 16:39:21,76555957,1057
2017-05-05 17:18:39,75534786,700
2017-05-05 19:20:50,83206967,1572
2017-05-05 22:13:52,76770534,1776
2017-05-06 06:28:50,554037725,4609
2017-05-06 07:11:55,20724046,251
2017-05-06 08:03:51,32701701,899
2017-05-06 08:53:40,77118610,1345
2017-05-06 09:23:07,67569238,670
2017-05-06 10:03:53,68546533,581
2017-05-06 10:48:14,68600345,493
2017-05-06 11:31:16,67573641,375
2017-05-06 12:27:35,68590916,596
2017-05-06 13:17:16,68546073,1079
2017-05-06 14:08:23,68595672,1433
2017-05-06 15:55:17,67518936,1949
2017-05-06 17:00:40,68591562,1399
2017-05-06 21:22:41,68612182,1220
2017-05-06 21:47:50,20649713,304
2017-05-07 07:14:42,552477104,7396
2017-05-08 10:52:21,531372831,5725
2017-05-08 12:07:29,68807573,1233
2017-05-08 12:17:59,22436678,226
2017-05-08 12:23:47,21638878,232
2017-05-08 13:09:57,67461553,506
2017-05-08 13:52:24,68537290,592
2017-05-08 14:33:59,67479290,636
2017-05-08 15:15:44,68596596,665
2017-05-08 15:57:35,68628048,496
2017-05-08 16:42:01,67855473,412
2017-05-08 17:33:41,68964198,560
2017-05-08 18:30:35,69011846,1224
2017-05-08 19:16:14,69589499,1062
2017-05-08 19:58:54,68659807,908
2017-05-08 20:32:20,25999517,363
2017-05-08 21:12:25,24928543,369
2017-05-08 21:51:52,20636302,334
2017-05-09 06:41:09,554196889,5225
2017-05-09 07:11:44,20924854,258
2017-05-09 07:59:24,32721249,646
2017-05-09 09:40:31,95107239,1802
2017-05-09 10:24:19,68415945,721
2017-05-09 11:54:45,69470893,898
2017-05-09 12:06:18,22838048,321
2017-05-09 12:37:34,68478630,753
2017-05-09 13:31:40,69470917,1004
2017-05-09 14:12:45,69451847,727
2017-05-09 14:34:13,34426609,307
2017-05-09 14:54:36,58454433,514
2017-05-09 15:40:34,68591115,370
2017-05-09 16:30:18,69879450,586
2017-05-09 17:23:27,69816463,1019
2017-05-09 18:10:47,69029327,985
2017-05-09 18:57:27,70036602,1026
2017-05-09 19:22:49,33850398,658
2017-05-09 20:33:24,70241479,1013
2017-05-09 21:07:07,25064370,422
2017-05-09 21:42:36,20750988,276
2017-05-10 07:01:18,550524143,6349
2017-05-10 07:15:21,20594416,327
2017-05-10 07:58:51,32396201,472
2017-05-10 09:23:16,75615749,715
2017-05-10 10:03:49,69045632,604
2017-05-10 11:39:41,69166766,842
2017-05-10 12:21:15,69403135,440
2017-05-10 13:08:29,69149757,521
2017-05-10 13:50:38,68175505,304
2017-05-10 14:46:47,69150542,475
2017-05-10 15:41:18,69175938,1240
2017-05-10 16:25:20,69202688,1030
2017-05-10 17:06:36,68252207,701
2017-05-10 17:52:14,69283790,638
2017-05-10 18:43:17,69374022,946
2017-05-10 18:55:45,23267754,332
2017-05-10 19:34:13,69130133,1027
2017-05-10 20:19:14,70117730,1000
2017-05-10 20:51:13,25012883,309
2017-05-10 21:29:00,20725259,300
2017-05-11 07:41:19,535050326,8560
2017-05-11 07:55:08,20857985,363
2017-05-11 09:46:35,79217053,1049
2017-05-11 10:24:50,69900815,622
2017-05-11 11:20:42,68908682,1508
2017-05-11 11:52:54,69976609,691
2017-05-11 12:37:22,69412837,533
2017-05-11 13:24:39,70413454,430
2017-05-11 14:22:09,70470636,1093
2017-05-11 15:09:21,70426034,866
2017-05-11 15:49:33,69498898,435
2017-05-11 16:54:43,86844799,870
2017-05-11 18:00:37,88692052,1188
2017-05-11 18:12:16,23987643,304
2017-05-11 18:48:05,88267940,1364
2017-05-11 19:40:43,94841803,1220
2017-05-11 19:46:41,22055921,290
2017-05-11 20:27:44,93221879,1326
2017-05-11 21:02:08,26379772,454
2017-05-11 21:38:22,22098277,409
2017-05-12 14:02:41,554489312,5142
2017-05-12 14:20:07,32910141,255
2017-05-12 14:49:07,95588087,697
2017-05-12 15:22:08,88999787,1038
2017-05-12 15:34:49,33166221,332
2017-05-12 16:08:36,96631179,901
2017-05-12 16:57:25,96872088,784
2017-05-12 17:52:59,96911761,1512
2017-05-12 18:48:29,95902718,1622
2017-05-12 19:42:29,96969265,1905
2017-05-12 22:37:12,97040538,2155
2017-05-12 22:46:53,22315064,459
2017-05-16 04:11:42,574911188,4068
2017-05-16 04:34:29,81143930,588
